size,workers,horizonHours,seed,policy,elapsedMs,makespan,meanFlowTime,totalTardiness,meanTardiness,weightedTardiness,maxLateness,lateTasks,onTimeRate,scheduledTasks
50,1,120,1,fifo,1.684,183,89.35,1954.95,57.5,4423.71,212.12,24,0.2941,50
50,1,120,1,priority,0.546,183,91.29,1461.76,42.99,2612.57,235.51,23,0.3235,50
50,1,120,1,spt,0.84,183,70.67,1219.29,35.86,2457.02,194.64,19,0.4412,50
50,1,120,1,edf,0.494,183,87.97,1077.77,31.7,2046.09,225.51,15,0.5588,50
50,1,120,1,wsjf,1.209,183,75.18,942.38,27.72,1834.11,145.01,17,0.5,50
50,1,120,1,eisenhower,0.498,183,91.43,1259.66,37.05,2315.34,227.51,26,0.2353,50
50,3,120,1,fifo,0.458,65,30.46,491.33,14.45,906.91,109.62,13,0.6176,50
50,3,120,1,priority,0.329,67,31.43,470.99,13.85,750.74,122.51,10,0.7059,50
50,3,120,1,spt,0.495,65,25.29,410.21,12.06,704.28,92.64,10,0.7059,50
50,3,120,1,edf,0.375,66.5,29.91,417.13,12.27,689.11,121.01,10,0.7059,50
50,3,120,1,wsjf,0.973,66,26.23,337,9.91,570.27,77.51,8,0.7647,50
50,3,120,1,eisenhower,0.35,66.5,31.54,423.11,12.44,686.35,121.51,9,0.7353,50
50,1,120,2,fifo,0.529,185.5,91.26,1443.69,43.75,3495.05,181.34,24,0.2727,50
50,1,120,2,priority,0.364,185.5,85.37,1138.61,34.5,2781.04,206.98,21,0.3636,50
50,1,120,2,spt,5.665,185.5,68.48,1185.51,35.92,2978.38,233.98,15,0.5455,50
50,1,120,2,edf,0.642,185.5,83.32,962.63,29.17,2496.35,206.98,13,0.6061,50
50,1,120,2,wsjf,0.701,185.5,72.18,993.01,30.09,2390.38,172.48,15,0.5455,50
50,1,120,2,eisenhower,0.33,185.5,83.63,1049.99,31.82,2715.41,206.98,17,0.4848,50
50,3,120,2,fifo,0.415,65.5,30.92,303.83,9.21,727.02,72.33,11,0.6667,50
50,3,120,2,priority,0.268,63.5,28.72,247.44,7.5,590.91,111.98,9,0.7273,50
50,3,120,2,spt,0.365,64,24.52,297.49,9.01,701.59,114.98,8,0.7576,50
50,3,120,2,edf,0.485,68,28.69,238.46,7.23,553.43,96.98,8,0.7576,50
50,3,120,2,wsjf,0.62,66,25.11,274.74,8.33,648.09,106.48,7,0.7879,50
50,3,120,2,eisenhower,0.324,64.5,28.55,238.24,7.22,569.59,112.98,7,0.7879,50
50,1,120,3,fifo,0.458,168.5,91.35,1539.81,51.33,3856.69,176.87,22,0.2667,50
50,1,120,3,priority,0.312,168.5,86.1,1168.08,38.94,2367.92,179.37,20,0.3333,50
50,1,120,3,spt,4.635,168.5,66.85,857.62,28.59,2164.89,152.59,15,0.5,50
50,1,120,3,edf,0.374,168.5,87.25,851.19,28.37,2228.87,179.37,11,0.6333,50
50,1,120,3,wsjf,0.816,168.5,69.08,587.16,19.57,1426.38,120.37,9,0.7,50
50,1,120,3,eisenhower,0.396,168.5,84.85,928.72,30.96,2253.69,181.37,21,0.3,50
50,3,120,3,fifo,0.446,60,31.34,295.04,9.83,762.12,91.87,8,0.7333,50
50,3,120,3,priority,0.711,58,29.61,243.69,8.12,594.55,89.87,9,0.7,50
50,3,120,3,spt,0.374,60.5,24.19,237.93,7.93,605.78,84.37,6,0.8,50
50,3,120,3,edf,0.349,59,30.2,237.45,7.92,643.96,88.87,6,0.8,50
50,3,120,3,wsjf,0.705,60,24.36,189.93,6.33,471.78,75.37,6,0.8,50
50,3,120,3,eisenhower,0.325,57.5,29.2,231.92,7.73,597.77,89.37,7,0.7667,50
50,1,120,4,fifo,0.526,216.5,112.53,1837.81,55.69,4226.56,250.66,24,0.2727,50
50,1,120,4,priority,0.643,216.5,112.86,1829.13,55.43,3787,224.34,25,0.2424,50
50,1,120,4,spt,0.351,216.5,88.1,1460.89,44.27,3680.35,197.16,20,0.3939,50
50,1,120,4,edf,0.323,216.5,108.89,1347.44,40.83,3033.55,206.34,15,0.5455,50
50,1,120,4,wsjf,0.669,216.5,85.3,1033.09,31.31,2427.98,149.84,16,0.5152,50
50,1,120,4,eisenhower,0.264,216.5,112.11,1634.19,49.52,3438.68,206.34,22,0.3333,50
50,3,120,4,fifo,0.456,76,37.93,336.67,10.2,751,104.66,11,0.6667,50
50,3,120,4,priority,0.266,76,38.66,327.73,9.93,690.22,98.66,10,0.697,50
50,3,120,4,spt,0.411,75,31.81,331.14,10.03,792.79,95.66,8,0.7576,50
50,3,120,4,edf,0.318,74.5,37.65,270.97,8.21,612.19,83.84,7,0.7879,50
50,3,120,4,wsjf,0.658,76.5,30.46,271.58,8.23,665.41,79.66,6,0.8182,50
50,3,120,4,eisenhower,0.285,75,38.51,297.73,9.02,656.69,99.16,9,0.7273,50
50,1,120,5,fifo,0.415,182,88.4,2208.26,56.62,4502.17,176.37,28,0.2821,50
50,1,120,5,priority,0.564,182,91.64,2229.83,57.18,4198.26,178.9,34,0.1282,50
50,1,120,5,spt,0.342,182,76.3,1919.03,49.21,3913.5,198.63,24,0.3846,50
50,1,120,5,edf,0.355,182,91.97,1657.83,42.51,3373.22,215.4,38,0.0256,50
50,1,120,5,wsjf,0.713,182,75.16,1694.79,43.46,3495.83,195.9,22,0.4359,50
50,1,120,5,eisenhower,0.269,182,92.43,2126.79,54.53,4228.18,215.4,35,0.1026,50
50,3,120,5,fifo,0.372,62,30.59,785.78,20.15,1620.36,77.9,16,0.5897,50
50,3,120,5,priority,0.255,62,31.25,694.41,17.81,1377.11,103.4,17,0.5641,50
50,3,120,5,spt,0.346,63,27.44,746.15,19.13,1578.11,92.63,14,0.641,50
50,3,120,5,edf,0.364,61,31.4,584.67,14.99,1206.63,111.9,13,0.6667,50
50,3,120,5,wsjf,0.765,63,26.34,682.88,17.51,1456.56,105.4,13,0.6667,50
50,3,120,5,eisenhower,0.315,61,31.66,664.32,17.03,1358.45,110.4,18,0.5385,50
50,1,120,6,fifo,0.983,187,97.02,1921.1,56.5,4456,170.95,22,0.3529,50
50,1,120,6,priority,0.292,187,97.74,1755.57,51.63,4028.51,232.85,28,0.1765,50
50,1,120,6,spt,0.314,187,80.41,1797.73,52.87,4918.18,194.45,22,0.3529,50
50,1,120,6,edf,0.311,187,102.09,1399.47,41.16,3677.09,232.85,21,0.3824,50
50,1,120,6,wsjf,0.722,187,82.17,1371.48,40.34,3889.31,228.85,22,0.3529,50
50,1,120,6,eisenhower,0.515,187,98.95,1692.17,49.77,4263.01,232.85,27,0.2059,50
50,3,120,6,fifo,0.429,64.5,33.37,460.08,13.53,1259.82,100.45,14,0.5882,50
50,3,120,6,priority,0.284,64,33.33,438.83,12.91,1308.31,115.35,10,0.7059,50
50,3,120,6,spt,0.31,69,29.22,439.16,12.92,1344.71,113.95,12,0.6471,50
50,3,120,6,edf,0.322,67.5,34.13,415.29,12.21,1266.86,111.85,9,0.7353,50
50,3,120,6,wsjf,0.602,64,29.39,413.8,12.17,1352.5,118.85,11,0.6765,50
50,3,120,6,eisenhower,0.303,68,33.47,404.7,11.9,1265.68,111.85,9,0.7353,50
50,1,120,7,fifo,1.077,197.5,103.11,2378.03,72.06,5358.65,178.15,24,0.2727,50
50,1,120,7,priority,0.659,197.5,95.23,1885.42,57.13,3906.99,155.02,25,0.2424,50
50,1,120,7,spt,1.719,197.5,85.63,1866.08,56.55,4072.76,176.15,23,0.303,50
50,1,120,7,edf,0.347,197.5,95.67,1342.31,40.68,3118.27,146.17,18,0.4545,50
50,1,120,7,wsjf,0.746,197.5,83.82,1269.38,38.47,2746.52,173.17,19,0.4242,50
50,1,120,7,eisenhower,0.336,197.5,95.21,1879,56.94,4171.73,170.02,26,0.2121,50
50,3,120,7,fifo,0.429,69.5,35.6,503.2,15.25,1043.64,72.02,15,0.5455,50
50,3,120,7,priority,0.255,67.5,32.64,400.78,12.14,721.74,85.02,13,0.6061,50
50,3,120,7,spt,0.314,69.5,30.82,422.29,12.8,832.27,83.02,11,0.6667,50
50,3,120,7,edf,0.301,67.5,33.03,274.79,8.33,543.26,73.02,12,0.6364,50
50,3,120,7,wsjf,0.699,67,29.45,287.45,8.71,543.02,81.02,10,0.697,50
50,3,120,7,eisenhower,0.289,68.5,32.7,369.79,11.21,727.26,89.52,12,0.6364,50
50,1,120,8,fifo,0.393,172,94.37,2092.34,55.06,4717.99,184.99,29,0.2368,50
50,1,120,8,priority,0.235,172,86.43,1664.22,43.8,3369.91,226.49,23,0.3947,50
50,1,120,8,spt,0.308,172,72.11,1465.17,38.56,3586.06,163.47,23,0.3947,50
50,1,120,8,edf,0.681,172,87.88,1268.69,33.39,2874.96,200.49,26,0.3158,50
50,1,120,8,wsjf,0.721,172,72.44,1133.66,29.83,2698.78,156.99,22,0.4211,50
50,1,120,8,eisenhower,0.408,172,87.94,1409.1,37.08,3104.63,204.99,26,0.3158,50
50,3,120,8,fifo,0.421,62,32.2,501.16,13.19,1209.36,119.49,14,0.6316,50
50,3,120,8,priority,0.233,60,29.83,449.97,11.84,1064.86,119.99,14,0.6316,50
50,3,120,8,spt,0.36,62.5,26.24,427.38,11.25,1161.56,106.99,15,0.6053,50
50,3,120,8,edf,0.316,59.5,30.43,405.98,10.68,1012.73,117.49,11,0.7105,50
50,3,120,8,wsjf,0.622,59,25.84,361.88,9.52,976.56,104.49,15,0.6053,50
50,3,120,8,eisenhower,0.28,58,30.18,415.62,10.94,1031.51,118.99,12,0.6842,50
50,1,120,9,fifo,0.401,195,109.31,2302.08,59.03,5917.5,245.17,30,0.2308,50
50,1,120,9,priority,0.283,195,102.03,2163.2,55.47,4362.31,238.17,27,0.3077,50
50,1,120,9,spt,0.746,195,85.57,1947.86,49.95,4587.44,190.23,24,0.3846,50
50,1,120,9,edf,0.345,195,110.12,1600.9,41.05,4159.81,233.13,22,0.4359,50
50,1,120,9,wsjf,0.748,195,85.94,1530.54,39.24,3505.13,165.73,23,0.4103,50
50,1,120,9,eisenhower,0.301,195,103.29,2084.2,53.44,4495.81,215.67,27,0.3077,50
50,3,120,9,fifo,0.389,66,37.21,545.98,14,1310.08,130.13,13,0.6667,50
50,3,120,9,priority,0.272,68,35.25,536.57,13.76,1153.36,116.17,13,0.6667,50
50,3,120,9,spt,0.332,66.5,31.07,452.8,11.61,1009.62,99.67,14,0.641,50
50,3,120,9,edf,0.282,65.5,37.86,462.28,11.85,1121.48,119.63,10,0.7436,50
50,3,120,9,wsjf,0.757,67,30.27,388.15,9.95,844.98,91.17,12,0.6923,50
50,3,120,9,eisenhower,0.309,66.5,35.69,507.37,13.01,1175.15,114.67,11,0.7179,50
50,1,120,10,fifo,0.343,173,86.67,1714.85,49,4455.2,228.27,28,0.2,50
50,1,120,10,priority,0.977,173,88.39,1684.92,48.14,4096.73,197.27,29,0.1714,50
50,1,120,10,spt,0.383,173,65.14,1109.63,31.7,2545.72,149.07,19,0.4571,50
50,1,120,10,edf,0.247,173,87.81,1559.5,44.56,3910.51,200.77,24,0.3143,50
50,1,120,10,wsjf,0.78,173,68.06,925.3,26.44,2151.47,113.57,20,0.4286,50
50,1,120,10,eisenhower,0.211,173,87.49,1624.76,46.42,4032.51,197.27,27,0.2286,50
50,3,120,10,fifo,0.326,62,30.28,307.3,8.78,910.57,110.77,10,0.7143,50
50,3,120,10,priority,0.19,60,30.75,308.29,8.81,897.07,111.77,9,0.7429,50
50,3,120,10,spt,0.849,62.5,23.31,238.06,6.8,731.64,91.77,8,0.7714,50
50,3,120,10,edf,0.198,60.5,30.28,285.29,8.15,842.57,110.77,9,0.7429,50
50,3,120,10,wsjf,0.68,62,23.75,206.42,5.9,645,85.77,7,0.8,50
50,3,120,10,eisenhower,0.188,60.5,30.13,302.29,8.64,882.57,110.77,9,0.7429,50
50,1,240,1,fifo,0.382,183,89.35,1299.07,38.21,2560.81,212.12,16,0.5294,50
50,1,240,1,priority,0.207,183,91.29,1088.21,32.01,1739.07,235.51,10,0.7059,50
50,1,240,1,spt,0.299,183,70.67,913.14,26.86,1680.15,194.64,10,0.7059,50
50,1,240,1,edf,0.261,183,87.97,869.99,25.59,1512.3,225.51,10,0.7059,50
50,1,240,1,wsjf,0.717,183,75.84,646.43,19.01,1159.5,135.14,9,0.7353,50
50,1,240,1,eisenhower,0.236,183,91.43,900.96,26.5,1510.55,227.51,11,0.6765,50
50,3,240,1,fifo,0.413,65,30.46,421.89,12.41,775.18,109.62,8,0.7647,50
50,3,240,1,priority,0.232,67,31.43,414.12,12.18,655.78,122.51,8,0.7647,50
50,3,240,1,spt,0.309,65,25.29,361.95,10.65,596.77,92.64,7,0.7941,50
50,3,240,1,edf,0.253,66.5,29.91,346.45,10.19,520.27,121.01,7,0.7941,50
50,3,240,1,wsjf,0.691,63.5,26.17,272.95,8.03,439.77,75.01,7,0.7941,50
50,3,240,1,eisenhower,0.228,66.5,31.54,375.84,11.05,592.01,121.51,7,0.7941,50
50,1,240,2,fifo,0.398,185.5,91.26,733.66,22.23,1793.05,178.18,12,0.6364,50
50,1,240,2,priority,0.23,185.5,85.37,612.56,18.56,1547.51,206.98,14,0.5758,50
50,1,240,2,spt,0.34,185.5,68.48,825.03,25,1988.76,233.98,11,0.6667,50
50,1,240,2,edf,0.273,185.5,83.32,607.34,18.4,1535.38,206.98,10,0.697,50
50,1,240,2,wsjf,0.75,185.5,72.23,591.08,17.91,1366.06,166.48,9,0.7273,50
50,1,240,2,eisenhower,0.322,185.5,83.63,621.56,18.84,1561.51,206.98,14,0.5758,50
50,3,240,2,fifo,1.104,65.5,30.92,226.49,6.86,523.14,72.33,5,0.8485,50
50,3,240,2,priority,0.196,63.5,28.72,191.99,5.82,449.14,111.98,5,0.8485,50
50,3,240,2,spt,0.275,64,24.52,240.13,7.28,551.75,114.98,5,0.8485,50
50,3,240,2,edf,0.22,68,28.69,185.99,5.64,428.64,96.98,5,0.8485,50
50,3,240,2,wsjf,0.555,64,25.36,199.63,6.05,463.75,95.48,5,0.8485,50
50,3,240,2,eisenhower,0.2,64.5,28.55,184.65,5.6,431.79,112.98,4,0.8788,50
50,1,240,3,fifo,0.399,168.5,91.35,957.6,31.92,2463.28,176.87,12,0.6,50
50,1,240,3,priority,0.24,168.5,86.1,780.48,26.02,1728.99,179.37,12,0.6,50
50,1,240,3,spt,0.303,168.5,66.85,557.73,18.59,1469.35,146.37,7,0.7667,50
50,1,240,3,edf,0.24,168.5,87.25,643.31,21.44,1796.69,179.37,9,0.7,50
50,1,240,3,wsjf,0.69,168.5,68.78,384.64,12.82,989.1,115.87,6,0.8,50
50,1,240,3,eisenhower,0.279,168.5,84.85,632.5,21.08,1656.05,181.37,10,0.6667,50
50,3,240,3,fifo,0.386,60,31.34,253.96,8.47,643.73,91.87,6,0.8,50
50,3,240,3,priority,0.233,58,29.61,195.09,6.5,489.23,89.87,4,0.8667,50
50,3,240,3,spt,0.308,60.5,24.19,203.14,6.77,506.1,84.37,6,0.8,50
50,3,240,3,edf,0.255,59,30.2,205.2,6.84,536.95,88.87,6,0.8,50
50,3,240,3,wsjf,0.664,58.5,24.13,157.26,5.24,382.57,74.87,5,0.8333,50
50,3,240,3,eisenhower,0.254,57.5,29.2,204.97,6.83,513.75,89.37,5,0.8333,50
50,1,240,4,fifo,0.534,216.5,112.53,1053.02,31.91,2315.18,250.66,13,0.6061,50
50,1,240,4,priority,0.256,216.5,112.86,1062.07,32.18,2119.79,224.34,14,0.5758,50
50,1,240,4,spt,0.33,216.5,88.1,864.8,26.21,2141.89,197.16,9,0.7273,50
50,1,240,4,edf,0.291,216.5,108.89,760.46,23.04,1696.33,206.34,12,0.6364,50
50,1,240,4,wsjf,0.694,216.5,86.11,608.52,18.44,1509.34,154.66,8,0.7576,50
50,1,240,4,eisenhower,0.241,216.5,112.11,856.35,25.95,1743,206.34,13,0.6061,50
50,3,240,4,fifo,0.414,76,37.93,286.22,8.67,640.66,104.66,4,0.8788,50
50,3,240,4,priority,0.211,76,38.66,276.71,8.39,615.15,98.66,5,0.8485,50
50,3,240,4,spt,0.943,75,31.81,258.18,7.82,593.63,95.66,5,0.8485,50
50,3,240,4,edf,0.257,74.5,37.65,223.23,6.76,512.7,83.84,3,0.9091,50
50,3,240,4,wsjf,0.571,76,30.53,213.25,6.46,503.76,80.16,4,0.8788,50
50,3,240,4,eisenhower,0.213,75,38.51,265.22,8.04,596.66,99.16,4,0.8788,50
50,1,240,5,fifo,0.326,182,88.4,1738.9,44.59,3438.8,172.05,17,0.5641,50
50,1,240,5,priority,0.192,182,91.64,1494.83,38.33,2755.67,178.9,21,0.4615,50
50,1,240,5,spt,0.289,182,76.3,1582.6,40.58,3251.22,198.63,14,0.641,50
50,1,240,5,edf,0.314,182,91.97,1074.33,27.55,2071.17,215.4,18,0.5385,50
50,1,240,5,wsjf,0.696,182,74.82,1260.57,32.32,2644.16,183.9,16,0.5897,50
50,1,240,5,eisenhower,0.239,182,92.43,1389.96,35.64,2668.42,215.4,24,0.3846,50
50,3,240,5,fifo,0.311,62,30.59,733.41,18.81,1527.33,77.9,14,0.641,50
50,3,240,5,priority,0.248,62,31.25,658.52,16.89,1317.04,103.4,12,0.6923,50
50,3,240,5,spt,0.325,63,27.44,702.52,18.01,1502.54,92.63,12,0.6923,50
50,3,240,5,edf,0.308,61,31.4,575.44,14.75,1190.47,111.9,11,0.7179,50
50,3,240,5,wsjf,0.69,62,26.44,614.94,15.77,1332.97,97.4,11,0.7179,50
50,3,240,5,eisenhower,0.237,61,31.66,620.94,15.92,1278.47,110.4,11,0.7179,50
50,1,240,6,fifo,0.366,187,97.02,1366.61,40.19,3304.13,170.95,15,0.5588,50
50,1,240,6,priority,0.231,187,97.74,1075.47,31.63,2796.31,232.85,11,0.6765,50
50,1,240,6,spt,0.266,187,80.41,1239.49,36.46,3549.01,194.45,16,0.5294,50
50,1,240,6,edf,0.265,187,102.09,958.45,28.19,2701.7,232.85,12,0.6471,50
50,1,240,6,wsjf,0.588,187,83,869.53,25.57,2756.93,228.85,14,0.5882,50
50,1,240,6,eisenhower,0.232,187,98.95,982.74,28.9,2845.53,232.85,14,0.5882,50
50,3,240,6,fifo,0.342,64.5,33.37,366.05,10.77,1058.31,100.45,11,0.6765,50
50,3,240,6,priority,0.218,64,33.33,384.99,11.32,1223.62,115.35,9,0.7353,50
50,3,240,6,spt,0.26,69,29.22,366.49,10.78,1199.12,113.95,9,0.7353,50
50,3,240,6,edf,0.245,67.5,34.13,367.47,10.81,1190.57,111.85,8,0.7647,50
50,3,240,6,wsjf,0.502,66.5,28.98,309.36,9.1,1061.96,103.95,6,0.8235,50
50,3,240,6,eisenhower,1.126,68,33.47,364.43,10.72,1194.56,111.85,8,0.7647,50
50,1,240,7,fifo,0.415,197.5,103.11,1607.93,48.73,3390.8,166.8,19,0.4242,50
50,1,240,7,priority,0.214,197.5,95.23,1183.15,35.85,2126.85,155.02,15,0.5455,50
50,1,240,7,spt,0.355,197.5,85.63,1164.92,35.3,2267.65,164.8,13,0.6061,50
50,1,240,7,edf,0.258,197.5,95.67,740.68,22.44,1522.88,136.84,14,0.5758,50
50,1,240,7,wsjf,0.614,197.5,83.42,722.95,21.91,1353.21,163.84,11,0.6667,50
50,1,240,7,eisenhower,0.222,197.5,95.21,1049.15,31.79,2101.83,170.02,16,0.5152,50
50,3,240,7,fifo,0.417,69.5,35.6,322.74,9.78,640.92,72.02,9,0.7273,50
50,3,240,7,priority,0.246,67.5,32.64,279.52,8.47,490.34,85.02,7,0.7879,50
50,3,240,7,spt,0.323,69.5,30.82,297.2,9.01,596.58,83.02,9,0.7273,50
50,3,240,7,edf,0.251,67.5,33.03,185.41,5.62,360,73.02,9,0.7273,50
50,3,240,7,wsjf,1.152,71,29.19,187.72,5.69,355.24,73.52,6,0.8182,50
50,3,240,7,eisenhower,0.241,68.5,32.7,258,7.82,497.18,89.52,10,0.697,50
50,1,240,8,fifo,0.372,172,94.37,1353.61,35.62,2897.54,184.99,17,0.5526,50
50,1,240,8,priority,0.226,172,86.43,1252.89,32.97,2464.7,226.49,16,0.5789,50
50,1,240,8,spt,0.355,172,72.11,1047.26,27.56,2649.21,155.95,16,0.5789,50
50,1,240,8,edf,0.293,172,87.88,929.68,24.47,2093.99,200.49,14,0.6316,50
50,1,240,8,wsjf,0.631,172,72.31,816.15,21.48,2088.98,145.49,15,0.6053,50
50,1,240,8,eisenhower,0.216,172,87.94,986.65,25.96,2193.46,204.99,15,0.6053,50
50,3,240,8,fifo,0.309,62,32.2,420.68,11.07,1076.66,119.49,10,0.7368,50
50,3,240,8,priority,0.194,60,29.83,357.57,9.41,911.31,119.99,12,0.6842,50
50,3,240,8,spt,0.264,62.5,26.24,367.49,9.67,1008.23,106.99,8,0.7895,50
50,3,240,8,edf,0.245,59.5,30.43,345.72,9.1,894.7,117.49,9,0.7632,50
50,3,240,8,wsjf,0.598,59.5,25.58,297.22,7.82,840.7,99.49,9,0.7632,50
50,3,240,8,eisenhower,0.224,58,30.18,347.1,9.13,901.85,118.99,11,0.7105,50
50,1,240,9,fifo,0.418,195,109.31,1510.61,38.73,3731.97,245.17,15,0.6154,50
50,1,240,9,priority,0.283,195,102.03,1455.42,37.32,3108.27,238.17,14,0.641,50
50,1,240,9,spt,0.879,195,85.57,1295.15,33.21,3037.35,190.23,17,0.5641,50
50,1,240,9,edf,0.889,195,110.12,1182.99,30.33,3047.28,233.13,11,0.7179,50
50,1,240,9,wsjf,0.709,195,86.42,883.06,22.64,1974.41,155.23,16,0.5897,50
50,1,240,9,eisenhower,0.273,195,103.29,1310.26,33.6,3066.46,215.67,16,0.5897,50
50,3,240,9,fifo,0.346,66,37.21,455.94,11.69,1110.69,130.13,7,0.8205,50
50,3,240,9,priority,0.234,68,35.25,392.62,10.07,850.49,116.17,9,0.7692,50
50,3,240,9,spt,0.298,66.5,31.07,349.11,8.95,773.36,99.67,8,0.7949,50
50,3,240,9,edf,0.244,65.5,37.86,376.45,9.65,881.32,119.63,8,0.7949,50
50,3,240,9,wsjf,0.645,66.5,30.38,290.58,7.45,608.28,89.63,6,0.8462,50
50,3,240,9,eisenhower,0.248,66.5,35.69,399.95,10.26,904.32,114.67,8,0.7949,50
50,1,240,10,fifo,0.287,173,86.67,917.99,26.23,2531.98,228.27,13,0.6286,50
50,1,240,10,priority,0.166,173,88.39,863.42,24.67,2247.69,197.27,13,0.6286,50
50,1,240,10,spt,0.342,173,65.14,570.16,16.29,1497.56,149.07,11,0.6857,50
50,1,240,10,edf,0.191,173,87.81,806.88,23.05,2142.62,200.77,12,0.6571,50
50,1,240,10,wsjf,0.785,173,67.59,429.66,12.28,1167.06,109.57,11,0.6857,50
50,1,240,10,eisenhower,0.198,173,87.49,847.92,24.23,2236.19,197.27,13,0.6286,50
50,3,240,10,fifo,0.353,62,30.28,248.19,7.09,760.54,110.77,5,0.8571,50
50,3,240,10,priority,0.213,60,30.75,246.19,7.03,762.54,111.77,5,0.8571,50
50,3,240,10,spt,0.42,62.5,23.31,208.69,5.96,678.04,91.77,5,0.8571,50
50,3,240,10,edf,0.298,60.5,30.28,234.69,6.71,730.54,110.77,5,0.8571,50
50,3,240,10,wsjf,1.024,62.5,23.41,176.19,5.03,575.54,82.27,5,0.8571,50
50,3,240,10,eisenhower,0.199,60.5,30.13,245.19,7.01,758.54,110.77,5,0.8571,50
50,1,480,1,fifo,0.38,183,89.35,969.09,28.5,1870.54,212.12,9,0.7353,50
50,1,480,1,priority,0.201,183,91.29,964.09,28.36,1518.04,235.51,9,0.7353,50
50,1,480,1,spt,0.337,183,70.67,750.13,22.06,1287.13,194.64,7,0.7941,50
50,1,480,1,edf,0.307,183,87.97,691.62,20.34,1087.6,225.51,9,0.7353,50
50,1,480,1,wsjf,1.583,183,76.4,459.13,13.5,766.13,127.14,7,0.7941,50
50,1,480,1,eisenhower,0.247,183,91.43,778.54,22.9,1263.99,227.51,8,0.7647,50
50,3,480,1,fifo,0.36,65,30.46,382.91,11.26,692.82,109.62,6,0.8235,50
50,3,480,1,priority,0.196,67,31.43,360.78,10.61,565.43,122.51,5,0.8529,50
50,3,480,1,spt,0.295,65,25.29,297.32,8.74,467.51,92.64,6,0.8235,50
50,3,480,1,edf,0.241,66.5,29.91,306.28,9.01,439.93,121.01,5,0.8529,50
50,3,480,1,wsjf,0.654,63.5,26.52,250.27,7.36,392.42,75.01,4,0.8824,50
50,3,480,1,eisenhower,0.232,66.5,31.54,332.28,9.77,510.93,121.51,5,0.8529,50
50,1,480,2,fifo,0.469,185.5,91.26,428.51,12.99,942.33,171.85,5,0.8485,50
50,1,480,2,priority,0.235,185.5,85.37,350.09,10.61,768.15,206.98,6,0.8182,50
50,1,480,2,spt,0.363,185.5,68.48,595.05,18.03,1336.06,233.98,7,0.7879,50
50,1,480,2,edf,0.335,185.5,83.32,360.59,10.93,774.15,206.98,6,0.8182,50
50,1,480,2,wsjf,0.627,185.5,71.99,390.97,11.85,849.24,161.98,6,0.8182,50
50,1,480,2,eisenhower,0.211,185.5,83.63,334.09,10.12,716.15,206.98,6,0.8182,50
50,3,480,2,fifo,0.375,65.5,30.92,206.33,6.25,496.65,72.33,4,0.8788,50
50,3,480,2,priority,0.182,63.5,28.72,183.33,5.56,434.15,111.98,4,0.8788,50
50,3,480,2,spt,0.29,64,24.52,223.33,6.77,518.15,114.98,4,0.8788,50
50,3,480,2,edf,0.214,68,28.69,173.83,5.27,410.15,96.98,4,0.8788,50
50,3,480,2,wsjf,0.63,66.5,25.1,186.33,5.65,437.15,93.98,4,0.8788,50
50,3,480,2,eisenhower,0.197,64.5,28.55,178.33,5.4,419.15,112.98,4,0.8788,50
50,1,480,3,fifo,0.415,168.5,91.35,715.17,23.84,1899.38,176.87,7,0.7667,50
50,1,480,3,priority,0.236,168.5,86.1,496.32,16.54,1280.62,179.37,7,0.7667,50
50,1,480,3,spt,0.325,168.5,66.85,476.07,15.87,1233.72,146.37,6,0.8,50
50,1,480,3,edf,0.274,168.5,87.25,534.69,17.82,1498.43,179.37,6,0.8,50
50,1,480,3,wsjf,0.842,168.5,68.07,277.81,9.26,680.68,103.87,5,0.8333,50
50,1,480,3,eisenhower,0.236,168.5,84.85,500.22,16.67,1326.02,181.37,5,0.8333,50
50,3,480,3,fifo,0.41,60,31.34,207.94,6.93,520.93,91.87,5,0.8333,50
50,3,480,3,priority,0.258,58,29.61,185.46,6.18,469.98,89.87,4,0.8667,50
50,3,480,3,spt,0.985,60.5,24.19,160.71,5.36,410.47,84.37,3,0.9,50
50,3,480,3,edf,0.245,59,30.2,180.96,6.03,466.98,88.87,4,0.8667,50
50,3,480,3,wsjf,0.627,59.5,24.23,129.71,4.32,322.47,72.37,3,0.9,50
50,3,480,3,eisenhower,0.232,57.5,29.2,192.96,6.43,484.98,89.37,4,0.8667,50
50,1,480,4,fifo,0.449,216.5,112.53,667.8,20.24,1415.33,250.66,5,0.8485,50
50,1,480,4,priority,0.205,216.5,112.86,656.18,19.88,1324.61,224.34,5,0.8485,50
50,1,480,4,spt,0.306,216.5,88.1,634.13,19.22,1541.56,197.16,5,0.8485,50
50,1,480,4,edf,0.259,216.5,108.89,430.1,13.03,926.44,206.34,5,0.8485,50
50,1,480,4,wsjf,0.658,216.5,84.94,441.2,13.37,1074.27,141.16,6,0.8182,50
50,1,480,4,eisenhower,0.231,216.5,112.11,539.7,16.35,1145.62,206.34,4,0.8788,50
50,3,480,4,fifo,0.417,76,37.93,273.2,8.28,614.62,104.66,4,0.8788,50
50,3,480,4,priority,0.183,76,38.66,256.2,7.76,581.62,98.66,4,0.8788,50
50,3,480,4,spt,0.389,75,31.81,241.73,7.33,549.7,95.66,3,0.9091,50
50,3,480,4,edf,0.721,74.5,37.65,223.23,6.76,512.7,83.84,3,0.9091,50
50,3,480,4,wsjf,0.619,76.5,30.18,196.23,5.95,458.7,73.66,3,0.9091,50
50,3,480,4,eisenhower,0.214,75,38.51,252.2,7.64,570.62,99.16,4,0.8788,50
50,1,480,5,fifo,0.32,182,88.4,1556.02,39.9,3096.47,172.05,16,0.5897,50
50,1,480,5,priority,0.191,182,91.64,1290.87,33.1,2371.17,178.9,14,0.641,50
50,1,480,5,spt,0.282,182,76.3,1441.42,36.96,2992.27,198.63,13,0.6667,50
50,1,480,5,edf,0.303,182,91.97,971.9,24.92,1877.39,215.4,12,0.6923,50
50,1,480,5,wsjf,0.689,182,75.08,1006.42,25.81,2157.77,160.4,13,0.6667,50
50,1,480,5,eisenhower,0.216,182,92.43,1153.02,29.56,2217.98,215.4,16,0.5897,50
50,3,480,5,fifo,0.314,62,30.59,668.4,17.14,1420.39,77.9,12,0.6923,50
50,3,480,5,priority,0.178,62,31.25,631.68,16.2,1280.94,103.4,11,0.7179,50
50,3,480,5,spt,0.267,63,27.44,676.18,17.34,1466.94,92.63,11,0.7179,50
50,3,480,5,edf,0.317,61,31.4,566.18,14.52,1171.94,111.9,11,0.7179,50
50,3,480,5,wsjf,1.244,64.5,26.62,593.68,15.22,1292.44,96.4,11,0.7179,50
50,3,480,5,eisenhower,0.218,61,31.66,611.68,15.68,1259.94,110.4,11,0.7179,50
50,1,480,6,fifo,0.353,187,97.02,1011.11,29.74,2490.21,170.95,12,0.6471,50
50,1,480,6,priority,0.218,187,97.74,912.08,26.83,2563.02,232.85,9,0.7353,50
50,1,480,6,spt,0.248,187,80.41,810.51,23.84,2485.31,194.45,11,0.6765,50
50,1,480,6,edf,0.235,187,102.09,817.53,24.05,2443.41,232.85,8,0.7647,50
50,1,480,6,wsjf,0.571,187,82.05,540.37,15.89,1842.3,168.85,7,0.7941,50
50,1,480,6,eisenhower,0.223,187,98.95,821.08,24.15,2516.02,232.85,9,0.7353,50
50,3,480,6,fifo,0.331,64.5,33.37,288.9,8.5,921.28,100.45,7,0.7941,50
50,3,480,6,priority,0.2,64,33.33,354.12,10.42,1163.72,115.35,6,0.8235,50
50,3,480,6,spt,0.233,69,29.22,319.54,9.4,1106.14,113.95,5,0.8529,50
50,3,480,6,edf,0.215,67.5,34.13,325.62,9.58,1111.22,111.85,6,0.8235,50
50,3,480,6,wsjf,0.506,67,28.57,282.04,8.3,993.64,95.35,5,0.8529,50
50,3,480,6,eisenhower,0.206,68,33.47,334.62,9.84,1134.72,111.85,6,0.8235,50
50,1,480,7,fifo,0.433,197.5,103.11,1018,30.85,2130.79,144.09,13,0.6061,50
50,1,480,7,priority,0.222,197.5,95.23,789.42,23.92,1359.72,155.02,10,0.697,50
50,1,480,7,spt,0.315,197.5,85.63,801.07,24.27,1611.46,142.09,9,0.7273,50
50,1,480,7,edf,0.32,197.5,95.67,447.98,13.58,890.78,118.18,9,0.7273,50
50,1,480,7,wsjf,0.81,197.5,82.7,415.57,12.59,803.96,120.68,9,0.7273,50
50,1,480,7,eisenhower,0.331,197.5,95.21,702.16,21.28,1374.64,170.02,10,0.697,50
50,3,480,7,fifo,0.412,69.5,35.6,194.61,5.9,359.77,72.02,5,0.8485,50
50,3,480,7,priority,0.204,67.5,32.64,212.02,6.42,378.09,85.02,5,0.8485,50
50,3,480,7,spt,0.28,69.5,30.82,173.11,5.25,332.77,83.02,5,0.8485,50
50,3,480,7,edf,0.236,67.5,33.03,138.02,4.18,272.58,73.02,4,0.8788,50
50,3,480,7,wsjf,0.595,71,29.32,138.02,4.18,266.58,72.02,4,0.8788,50
50,3,480,7,eisenhower,0.233,68.5,32.7,192.02,5.82,363.58,89.52,4,0.8788,50
50,1,480,8,fifo,0.362,172,94.37,1035.05,27.24,2298.52,184.99,13,0.6579,50
50,1,480,8,priority,0.227,172,86.43,902.05,23.74,1913.02,226.49,13,0.6579,50
50,1,480,8,spt,1.065,172,72.11,757.92,19.95,2018.92,151.49,10,0.7368,50
50,1,480,8,edf,0.656,172,87.88,731.07,19.24,1731.49,200.49,11,0.7105,50
50,1,480,8,wsjf,1.512,172,71.97,545.03,14.34,1473.95,127.99,10,0.7368,50
50,1,480,8,eisenhower,0.226,172,87.94,760.62,20.02,1785.58,204.99,12,0.6842,50
50,3,480,8,fifo,0.31,62,32.2,365.98,9.63,995.37,119.49,8,0.7895,50
50,3,480,8,priority,0.193,60,29.83,306.07,8.05,825.54,119.99,8,0.7895,50
50,3,480,8,spt,0.27,62.5,26.24,330.52,8.7,924.94,106.99,7,0.8158,50
50,3,480,8,edf,0.23,59.5,30.43,305.98,8.05,820.87,117.49,8,0.7895,50
50,3,480,8,wsjf,0.568,58.5,25.46,253.52,6.67,740.94,98.99,7,0.8158,50
50,3,480,8,eisenhower,0.186,58,30.18,304.07,8,818.04,118.99,8,0.7895,50
50,1,480,9,fifo,0.377,195,109.31,1121.61,28.76,2858.69,245.17,10,0.7436,50
50,1,480,9,priority,0.258,195,102.03,1017.42,26.09,2307.14,238.17,11,0.7179,50
50,1,480,9,spt,0.315,195,85.57,777.79,19.94,1855.87,190.23,9,0.7692,50
50,1,480,9,edf,0.266,195,110.12,934.21,23.95,2423.93,233.13,9,0.7692,50
50,1,480,9,wsjf,0.742,195,86.75,507.59,13.02,1175.06,148.23,8,0.7949,50
50,1,480,9,eisenhower,0.273,195,103.29,964.03,24.72,2332.75,215.67,10,0.7436,50
50,3,480,9,fifo,0.353,66,37.21,406.88,10.43,914.48,130.13,6,0.8462,50
50,3,480,9,priority,0.241,68,35.25,318.03,8.15,636.05,116.17,4,0.8974,50
50,3,480,9,spt,0.314,66.5,31.07,316.18,8.11,649.66,99.67,5,0.8718,50
50,3,480,9,edf,0.26,65.5,37.86,309.68,7.94,656.66,119.63,5,0.8718,50
50,3,480,9,wsjf,0.664,66.5,30.02,287.68,7.38,579.66,98.67,5,0.8718,50
50,3,480,9,eisenhower,0.258,66.5,35.69,324.03,8.31,648.05,114.67,4,0.8974,50
50,1,480,10,fifo,0.299,173,86.67,659.01,18.83,1878.7,228.27,8,0.7714,50
50,1,480,10,priority,0.191,173,88.39,561.17,16.03,1597.5,197.27,8,0.7714,50
50,1,480,10,spt,0.351,173,65.14,386.85,11.05,1190.37,149.07,6,0.8286,50
50,1,480,10,edf,0.204,173,87.81,528.51,15.1,1513.19,200.77,7,0.8,50
50,1,480,10,wsjf,0.725,173,67.19,248.29,7.09,797.24,100.27,5,0.8571,50
50,1,480,10,eisenhower,0.173,173,87.49,557.17,15.92,1585.5,197.27,8,0.7714,50
50,3,480,10,fifo,0.283,62,30.28,241.79,6.91,747.74,110.77,5,0.8571,50
50,3,480,10,priority,0.167,60,30.75,239.79,6.85,749.74,111.77,5,0.8571,50
50,3,480,10,spt,0.316,62.5,23.31,202.29,5.78,665.24,91.77,5,0.8571,50
50,3,480,10,edf,0.24,60.5,30.28,228.29,6.52,717.74,110.77,5,0.8571,50
50,3,480,10,wsjf,1.408,62,23.65,161.59,4.62,536.84,82.27,4,0.8857,50
50,3,480,10,eisenhower,0.175,60.5,30.13,238.79,6.82,745.74,110.77,5,0.8571,50
200,1,120,1,fifo,6.515,730,362.19,39182.08,306.11,92738.49,743.83,120,0.0625,200
200,1,120,1,priority,3.876,730,366.57,38834.65,303.4,79545.52,718.01,119,0.0703,200
200,1,120,1,spt,5.56,730,284.75,29691.09,231.96,68446.3,710.1,107,0.1641,200
200,1,120,1,edf,3.671,730,362.97,29741.22,232.35,69461.65,696.01,128,0,200
200,1,120,1,wsjf,12.149,730,300.23,22109.24,172.73,49339.86,641.98,102,0.2031,200
200,1,120,1,eisenhower,4.508,730,365.01,35257.81,275.45,76373.71,696.01,116,0.0938,200
200,3,120,1,fifo,5.9,247,121.42,10264.68,80.19,24107.55,271.62,100,0.2188,200
200,3,120,1,priority,3.14,245.5,122.97,9763.3,76.28,19892.88,281.01,100,0.2188,200
200,3,120,1,spt,5.314,253,96.76,7820.63,61.1,17940.81,254.1,82,0.3594,200
200,3,120,1,edf,3.728,246.5,121.81,7015.82,54.81,16300.37,272.01,71,0.4453,200
200,3,120,1,wsjf,13.031,247.5,100.5,5621.82,43.92,12337.82,215.48,73,0.4297,200
200,3,120,1,eisenhower,3.725,246.5,122.55,8639.59,67.5,19054.34,273.51,106,0.1719,200
200,1,120,2,fifo,5.477,717,349.79,43080.19,319.11,104650.08,760.21,127,0.0593,200
200,1,120,2,priority,3.015,717,340.08,38258.18,283.39,83740.22,725.9,124,0.0815,200
200,1,120,2,spt,5.625,717,263.13,29376.73,217.61,72261.19,785.9,112,0.1704,200
200,1,120,2,edf,3.678,717,336.44,29629.06,219.47,72308.71,725.9,135,0,200
200,1,120,2,wsjf,11.612,717,280.18,23731.55,175.79,56520.65,584.9,115,0.1481,200
200,1,120,2,eisenhower,3.229,717,338.97,35452.96,262.61,80598.33,725.9,117,0.1333,200
200,3,120,2,fifo,8.07,240.5,117.13,11211.45,83.05,27114.24,287.21,107,0.2074,200
200,3,120,2,priority,2.943,244.5,113.95,9777.43,72.43,21456.58,299.4,105,0.2222,200
200,3,120,2,spt,4.582,243.5,89.24,7808.3,57.84,19084.49,312.4,89,0.3407,200
200,3,120,2,edf,3.995,242.5,112.84,7027.1,52.05,16764.6,298.9,84,0.3778,200
200,3,120,2,wsjf,12.115,243,94.32,6211.26,46.01,14542.4,247.4,79,0.4148,200
200,3,120,2,eisenhower,3.155,245,113.7,8851.31,65.57,20312.01,298.4,112,0.1704,200
200,1,120,3,fifo,5.65,732,373.38,40949.4,315,103062.42,707.17,122,0.0615,200
200,1,120,3,priority,2.688,732,361.2,37737.43,290.29,86175.35,776.63,114,0.1231,200
200,1,120,3,spt,4.213,732,281.32,31310.13,240.85,78963.88,714.59,109,0.1615,200
200,1,120,3,edf,3.585,732,363.75,31597.7,243.06,80588.44,776.63,130,0,200
200,1,120,3,wsjf,10.003,732,293.99,25059.51,192.77,62721.5,640.02,104,0.2,200
200,1,120,3,eisenhower,2.93,732,360.92,34825.73,267.89,83365.27,776.63,111,0.1462,200
200,3,120,3,fifo,5.076,248.5,124.56,9914.02,76.26,25456.8,254.39,102,0.2154,200
200,3,120,3,priority,2.634,246.5,120.85,8963.14,68.95,21215.5,299.63,104,0.2,200
200,3,120,3,spt,4.788,247,95.73,7576.85,58.28,19608.31,231.09,86,0.3385,200
200,3,120,3,edf,3.08,247.5,122.3,7365.5,56.66,19211.4,300.63,82,0.3692,200
200,3,120,3,wsjf,11.807,248.5,98.35,5988.6,46.07,15332.58,216.52,74,0.4308,200
200,3,120,3,eisenhower,4.869,247.5,121.02,8099.31,62.3,20343.99,300.63,102,0.2154,200
200,1,120,4,fifo,5.773,754,377.48,44220.5,320.44,104527.35,758.16,128,0.0725,200
200,1,120,4,priority,3.119,754,393.04,45217.63,327.66,96364.52,703.71,130,0.058,200
200,1,120,4,spt,5.35,754,307.82,34845.39,252.5,82491.84,756.09,116,0.1594,200
200,1,120,4,edf,3.647,754,385.82,36049.9,261.23,85019.58,748.04,138,0,200
200,1,120,4,wsjf,12.26,754,310.41,27030.85,195.88,61344.58,635.09,112,0.1884,200
200,1,120,4,eisenhower,3.24,754,390.36,41096.89,297.8,90584.3,748.04,132,0.0435,200
200,3,120,4,fifo,5.399,253.5,126.04,11340.84,82.18,26411.86,282.66,106,0.2319,200
200,3,120,4,priority,3.551,256.5,131.7,11685.05,84.67,24762.99,239.84,110,0.2029,200
200,3,120,4,spt,4.039,256,105,9221.7,66.82,21474.56,291.09,88,0.3623,200
200,3,120,4,edf,3.472,256,129.68,8486.76,61.5,19505.49,275.54,81,0.413,200
200,3,120,4,wsjf,10.805,256,104.54,6961.74,50.45,15619.63,257.09,82,0.4058,200
200,3,120,4,eisenhower,3.988,256,131.18,10615.78,76.93,23664.18,276.04,109,0.2101,200
200,1,120,5,fifo,5.338,747.5,362.09,49746.6,336.13,112486.29,813.74,137,0.0743,200
200,1,120,5,priority,3.081,747.5,370.06,48239.85,325.94,96954.23,781.24,143,0.0338,200
200,1,120,5,spt,5.561,747.5,301.23,39521.71,267.04,89098.32,782.66,130,0.1216,200
200,1,120,5,edf,4.349,747.5,366.94,38748.41,261.81,87824.43,773.24,148,0,200
200,1,120,5,wsjf,11.614,747.5,302.13,31239.02,211.07,69658.7,671.59,130,0.1216,200
200,1,120,5,eisenhower,3.891,747.5,367.38,44329.25,299.52,92777.16,773.24,134,0.0946,200
200,3,120,5,fifo,5.01,254,121.89,14064.38,95.03,31564.58,319.74,123,0.1689,200
200,3,120,5,priority,3.081,255,124.24,13623.09,92.05,27530.8,304.24,125,0.1554,200
200,3,120,5,spt,5.281,252,102.28,11018.86,74.45,25118.48,300.24,114,0.2297,200
200,3,120,5,edf,4.325,255,123.34,9658.41,65.26,21607.43,306.74,148,0,200
200,3,120,5,wsjf,11.532,250,101.66,8617.22,58.22,19525.77,251.16,101,0.3176,200
200,3,120,5,eisenhower,3.991,255,123.46,12458.29,84.18,26407.92,306.74,124,0.1622,200
200,1,120,6,fifo,4.889,741,378.62,48687.18,326.76,116686.02,779.7,136,0.0872,200
200,1,120,6,priority,2.877,741,375,47034.82,315.67,107042.42,773.34,144,0.0336,200
200,1,120,6,spt,4.789,741,308.67,40805.64,273.86,101967.84,747.53,129,0.1342,200
200,1,120,6,edf,3.213,741,389.66,41906.03,281.25,103262.25,770.34,149,0,200
200,1,120,6,wsjf,10.329,741,320.88,35773.93,240.09,87294.53,700.55,127,0.1477,200
200,1,120,6,eisenhower,3.12,741,372.02,44758.53,300.39,104808.25,773.34,149,0,200
200,3,120,6,fifo,5.164,252,127.02,13193.33,88.55,31970.2,300.3,118,0.2081,200
200,3,120,6,priority,2.772,251,126.04,12055.46,80.91,27934,293.7,122,0.1812,200
200,3,120,6,spt,3.87,251,105.15,11027.85,74.01,28143.15,274.8,108,0.2752,200
200,3,120,6,edf,3.98,252,130.65,10041.61,67.39,25226.42,294.7,107,0.2819,200
200,3,120,6,wsjf,8.689,251,107.43,9436.72,63.33,23344.89,265.2,104,0.302,200
200,3,120,6,eisenhower,3.565,251.5,124.99,11403.19,76.53,27415.48,295.7,120,0.1946,200
200,1,120,7,fifo,5.015,714,365.85,44881.18,345.24,114973.92,778.82,118,0.0923,200
200,1,120,7,priority,2.713,714,357.31,39393.87,303.03,88784.5,722.47,123,0.0538,200
200,1,120,7,spt,3.832,714,318.63,38665.46,297.43,95858.3,761.29,113,0.1308,200
200,1,120,7,edf,2.97,714,361.82,33295.28,256.12,83299.62,722.47,130,0,200
200,1,120,7,wsjf,8.874,714,317.01,29922.27,230.17,72621.32,627.97,112,0.1385,200
200,1,120,7,eisenhower,2.795,714,364.21,38652.73,297.33,90845.49,722.47,123,0.0538,200
200,3,120,7,fifo,4.836,239.5,123.06,12663.15,97.41,32578.21,288.34,106,0.1846,200
200,3,120,7,priority,3.21,241.5,119.97,10589.24,81.46,24027.52,272.97,108,0.1692,200
200,3,120,7,spt,3.191,243,108.71,10789.67,83,26869.91,278.95,99,0.2385,200
200,3,120,7,edf,3.134,241.5,121.63,8477.88,65.21,21378.28,272.97,89,0.3154,200
200,3,120,7,wsjf,8.871,240,107.01,8241.86,63.4,20048.61,237.97,92,0.2923,200
200,3,120,7,eisenhower,2.827,241.5,122.33,10425.11,80.19,24955.21,272.97,110,0.1538,200
200,1,120,8,fifo,5.418,778.5,388.69,48271.4,323.97,112931.61,756.48,135,0.094,200
200,1,120,8,priority,2.961,778.5,385.48,47099.61,316.1,96179.47,709.3,138,0.0738,200
200,1,120,8,spt,4.043,778.5,317.72,39903.82,267.81,96734.51,761.82,133,0.1074,200
200,1,120,8,edf,4.048,778.5,398.12,41676.69,279.71,102331.26,767.93,149,0,200
200,1,120,8,wsjf,11.398,778.5,319.7,32600.85,218.8,76203.11,748.43,129,0.1342,200
200,1,120,8,eisenhower,3.673,778.5,392.05,42979.69,288.45,96699.76,759.43,149,0,200
200,3,120,8,fifo,6.282,263.5,130.94,12512.7,83.98,29068.31,272.98,115,0.2282,200
200,3,120,8,priority,3.154,262.5,129.4,11797.33,79.18,23521.97,284.49,125,0.1611,200
200,3,120,8,spt,4.238,263.5,108.06,10275.43,68.96,24808.95,302.82,103,0.3087,200
200,3,120,8,edf,3.441,260,133.66,9237.69,62,22536.26,289.43,149,0,200
200,3,120,8,wsjf,10.737,262.5,106.96,7966.83,53.47,18642.48,278.82,99,0.3356,200
200,3,120,8,eisenhower,3.758,260.5,131.76,10536.48,70.71,23767.83,288.43,119,0.2013,200
200,1,120,9,fifo,5.946,773,397.86,50954.55,358.83,123235.49,800.18,133,0.0634,200
200,1,120,9,priority,3.483,773,391.24,46773.71,329.39,99064.3,820.66,130,0.0845,200
200,1,120,9,spt,4.783,773,327.67,41805.74,294.41,101699.99,797.66,123,0.1338,200
200,1,120,9,edf,3.53,773,393.71,38872.47,273.75,95800.34,820.66,142,0,200
200,1,120,9,wsjf,10.414,773,330.93,32632.56,229.81,77908.08,791.16,118,0.169,200
200,1,120,9,eisenhower,3.545,773,393.7,44231.05,311.49,97790.43,820.66,122,0.1408,200
200,3,120,9,fifo,6.102,258.5,133.49,14011.31,98.67,33844.81,292.17,116,0.1831,200
200,3,120,9,priority,3.211,258,131.27,12764.37,89.89,27413.32,321.16,113,0.2042,200
200,3,120,9,spt,4.718,260,111.44,11814.69,83.2,28734.98,317.66,98,0.3099,200
200,3,120,9,edf,6.494,258.5,132.25,9727.12,68.5,24046.62,321.66,82,0.4225,200
200,3,120,9,wsjf,12.143,259,111.21,8948.07,63.01,21379.93,314.16,93,0.3451,200
200,3,120,9,eisenhower,3.687,258.5,132.32,12100.62,85.22,27463.57,320.66,112,0.2113,200
200,1,120,10,fifo,4.752,706,354.83,40745.95,318.33,98509.96,768.41,122,0.0469,200
200,1,120,10,priority,2.422,706,355.84,40410.1,315.7,87201.07,749.91,118,0.0781,200
200,1,120,10,spt,4.144,706,281.87,31163.71,243.47,68576.57,683.91,114,0.1094,200
200,1,120,10,edf,2.633,706,361.76,35237.25,275.29,84011.72,763.41,128,0,200
200,1,120,10,wsjf,10.018,706,298.44,25071.35,195.87,53160.81,658.91,109,0.1484,200
200,1,120,10,eisenhower,5.246,706,361.14,38149.02,298.04,87221.32,763.41,117,0.0859,200
200,3,120,10,fifo,4.2,236.5,119.61,11147.13,87.09,27111.12,297.41,99,0.2266,200
200,3,120,10,priority,3.219,242.5,120.05,10901.43,85.17,23879.75,294.91,104,0.1875,200
200,3,120,10,spt,4.295,237.5,95.88,8350.04,65.23,18343.51,279.41,90,0.2969,200
200,3,120,10,edf,2.716,241,121.5,9568.55,74.75,22979.75,295.41,83,0.3516,200
200,3,120,10,wsjf,10.683,236,99.99,6604.02,51.59,13967.55,268.41,86,0.3281,200
200,3,120,10,eisenhower,3.376,241,121.39,10035.43,78.4,23569.22,295.41,100,0.2188,200
200,1,240,1,fifo,6.079,730,362.19,34146.5,266.77,80958.16,743.83,108,0.1563,200
200,1,240,1,priority,3.058,730,366.57,33242.67,259.71,67813.45,718.01,109,0.1484,200
200,1,240,1,spt,5.549,730,284.75,25509.21,199.29,59093.03,710.1,93,0.2734,200
200,1,240,1,edf,3.829,730,362.97,23388.54,182.72,54928.81,686.02,127,0.0078,200
200,1,240,1,wsjf,12.276,730,300.43,17972.07,140.41,40146.79,639.97,86,0.3281,200
200,1,240,1,eisenhower,3.81,730,365.01,29865.65,233.33,65229.45,693.01,111,0.1328,200
200,3,240,1,fifo,5.761,247,121.42,7360.06,57.5,16921.08,271.62,74,0.4219,200
200,3,240,1,priority,2.928,245.5,122.97,6704.96,52.38,13721.37,281.01,67,0.4766,200
200,3,240,1,spt,5.243,253,96.76,5677.99,44.36,13005.67,254.1,58,0.5469,200
200,3,240,1,edf,3.615,246.5,121.81,5162.98,40.34,11870.22,272.01,54,0.5781,200
200,3,240,1,wsjf,12.159,248,100.4,3643.54,28.47,7836.36,213.6,51,0.6016,200
200,3,240,1,eisenhower,3.8,246.5,122.55,5700.29,44.53,12759.76,273.51,63,0.5078,200
200,1,240,2,fifo,6.781,717,349.79,37200.17,275.56,90385.84,760.21,122,0.0963,200
200,1,240,2,priority,3.679,717,340.08,32788.98,242.88,71385.49,725.9,113,0.163,200
200,1,240,2,spt,6.661,717,263.13,24841.58,184.01,61260.09,785.9,96,0.2889,200
200,1,240,2,edf,3.622,717,336.44,22772.68,168.69,55195.1,725.9,128,0.0519,200
200,1,240,2,wsjf,13.48,717,280.51,19230.07,142.44,45505.03,584.9,86,0.363,200
200,1,240,2,eisenhower,3.507,717,338.97,30073.66,222.77,68504.7,725.9,114,0.1556,200
200,3,240,2,fifo,6.084,240.5,117.13,7920.07,58.67,18943.04,287.21,77,0.4296,200
200,3,240,2,priority,2.951,244.5,113.95,6785.6,50.26,14875.76,299.4,74,0.4519,200
200,3,240,2,spt,4.782,243.5,89.24,5782.03,42.83,13840.26,312.4,62,0.5407,200
200,3,240,2,edf,4.292,242.5,112.84,5131.69,38.01,12025.81,298.9,54,0.6,200
200,3,240,2,wsjf,11.306,242.5,94.29,4265.2,31.59,9967.66,236.9,55,0.5926,200
200,3,240,2,eisenhower,3.039,245,113.7,6102.74,45.21,13971.78,298.4,68,0.4963,200
200,1,240,3,fifo,5.637,732,373.38,34621.88,266.32,87678.91,706.13,114,0.1231,200
200,1,240,3,priority,2.648,732,361.2,31829.66,244.84,72977.17,776.63,111,0.1462,200
200,1,240,3,spt,4.194,732,281.32,26005.78,200.04,66193.77,699.67,98,0.2462,200
200,1,240,3,edf,3.632,732,363.75,24745.54,190.35,63646.8,776.63,102,0.2154,200
200,1,240,3,wsjf,10.343,732,293.69,20166.51,155.13,50992.91,640.02,86,0.3385,200
200,1,240,3,eisenhower,2.961,732,360.92,28959.03,222.76,70290.28,776.63,110,0.1538,200
200,3,240,3,fifo,4.942,248.5,124.56,6334.03,48.72,16740.11,254.39,70,0.4615,200
200,3,240,3,priority,3.731,246.5,120.85,5584.19,42.96,13906.28,299.63,67,0.4846,200
200,3,240,3,spt,6.441,247,95.73,4812.23,37.02,12911.7,228.72,58,0.5538,200
200,3,240,3,edf,3.673,247.5,122.3,4777.38,36.75,13044.57,300.63,58,0.5538,200
200,3,240,3,wsjf,11.658,248,98.12,3575.34,27.5,9417.5,214.52,50,0.6154,200
200,3,240,3,eisenhower,4.279,247.5,121.02,4994.98,38.42,13329.23,300.63,62,0.5231,200
200,1,240,4,fifo,6.117,754,377.48,38069.91,275.87,89012.32,758.16,117,0.1522,200
200,1,240,4,priority,3.287,754,393.04,39110.33,283.41,82270.67,700.43,116,0.1594,200
200,1,240,4,spt,5.258,754,307.82,29664.04,214.96,69400.26,756.09,104,0.2464,200
200,1,240,4,edf,5.74,754,385.82,28615.95,207.36,66353.15,748.04,137,0.0072,200
200,1,240,4,wsjf,11.561,754,310.57,22223.69,161.04,49588.21,635.09,93,0.3261,200
200,1,240,4,eisenhower,4.034,754,390.36,35449.14,256.88,77889.27,748.04,109,0.2101,200
200,3,240,4,fifo,5.732,253.5,126.04,7874.31,57.06,18003.42,282.66,71,0.4855,200
200,3,240,4,priority,3.145,256.5,131.7,7804.91,56.56,16386.36,239.84,79,0.4275,200
200,3,240,4,spt,4.917,256,105,6682.62,48.42,15141.86,291.09,64,0.5362,200
200,3,240,4,edf,3.476,256,129.68,5857.49,42.45,13208.04,275.54,63,0.5435,200
200,3,240,4,wsjf,10.323,255.5,104.44,4986.38,36.13,11094.85,246.09,54,0.6087,200
200,3,240,4,eisenhower,3.239,256,131.18,6867.28,49.76,15230.16,276.04,70,0.4928,200
200,1,240,5,fifo,5.637,747.5,362.09,44423.29,300.16,100009.19,813.74,129,0.1284,200
200,1,240,5,priority,3.047,747.5,370.06,43115.11,291.32,86006.18,781.24,130,0.1216,200
200,1,240,5,spt,5.616,747.5,301.23,34543.97,233.41,78034.17,782.66,123,0.1689,200
200,1,240,5,edf,4.433,747.5,366.94,32452.46,219.27,73021.33,773.24,148,0,200
200,1,240,5,wsjf,11.99,747.5,301.57,26402.59,178.4,59117.38,647.16,116,0.2162,200
200,1,240,5,eisenhower,3.392,747.5,367.38,39428.48,266.41,82488.31,773.24,126,0.1486,200
200,3,240,5,fifo,5.662,254,121.89,10492.33,70.89,23500.03,319.74,94,0.3649,200
200,3,240,5,priority,3.059,255,124.24,9850.19,66.56,20281.18,304.24,108,0.2703,200
200,3,240,5,spt,5.487,252,102.28,8401.45,56.77,19524.95,300.24,76,0.4865,200
200,3,240,5,edf,4.687,255,123.34,6556.26,44.3,14673.6,306.74,79,0.4662,200
200,3,240,5,wsjf,12.404,250.5,101.71,6319.14,42.7,14692.29,237.16,73,0.5068,200
200,3,240,5,eisenhower,3.448,255,123.46,8747.91,59.11,18998.76,306.74,99,0.3311,200
200,1,240,6,fifo,7.191,741,378.62,42894.93,287.89,103076.07,779.7,124,0.1678,200
200,1,240,6,priority,2.976,741,375,40147.43,269.45,91312.34,773.34,137,0.0805,200
200,1,240,6,spt,4.114,741,308.67,35392.62,237.53,89324.12,747.53,117,0.2148,200
200,1,240,6,edf,3.358,741,389.66,34492.66,231.49,85571.95,770.34,149,0,200
200,1,240,6,wsjf,10.423,741,321.44,30346.11,203.67,74408.81,700.55,111,0.255,200
200,1,240,6,eisenhower,3.943,741,372.02,37855.55,254.06,88793.2,773.34,130,0.1275,200
200,3,240,6,fifo,4.885,252,127.02,9643.08,64.72,23696.04,300.3,91,0.3893,200
200,3,240,6,priority,2.961,251,126.04,8133.55,54.59,19916.63,293.7,79,0.4698,200
200,3,240,6,spt,4.655,251,105.15,7865.21,52.79,20592.52,274.8,76,0.4899,200
200,3,240,6,edf,3.266,252,130.65,7177.82,48.17,18455.39,294.7,73,0.5101,200
200,3,240,6,wsjf,9.836,251,106.94,6321.68,42.43,16018.02,265.7,68,0.5436,200
200,3,240,6,eisenhower,3.013,251.5,124.99,7298.59,48.98,18774.87,295.7,83,0.443,200
200,1,240,7,fifo,5.005,714,365.85,40061.25,308.16,102848.59,778.82,113,0.1308,200
200,1,240,7,priority,3.212,714,357.31,34395.56,264.58,77078.21,722.47,114,0.1231,200
200,1,240,7,spt,3.213,714,318.63,34087.09,262.21,84491.23,761.29,108,0.1692,200
200,1,240,7,edf,2.949,714,361.82,27520.58,211.7,69034.07,722.47,130,0,200
200,1,240,7,wsjf,8.748,714,316.99,25594.96,196.88,62064.54,627.97,98,0.2462,200
200,1,240,7,eisenhower,2.785,714,364.21,33809.72,260.07,79531.19,722.47,111,0.1462,200
200,3,240,7,fifo,5.376,239.5,123.06,9462.26,72.79,24421.48,288.34,86,0.3385,200
200,3,240,7,priority,2.641,241.5,119.97,7269.32,55.92,16473.69,272.97,80,0.3846,200
200,3,240,7,spt,3.194,243,108.71,7775.18,59.81,19406.67,278.95,75,0.4231,200
200,3,240,7,edf,3.591,241.5,121.63,5927.47,45.6,14634.29,272.97,69,0.4692,200
200,3,240,7,wsjf,8.209,239.5,107.16,5471.68,42.09,13375.27,240.97,65,0.5,200
200,3,240,7,eisenhower,3.586,241.5,122.33,6834.6,52.57,16489.57,272.97,81,0.3769,200
200,1,240,8,fifo,4.67,778.5,388.69,42019.29,282.01,97685.54,756.48,123,0.1745,200
200,1,240,8,priority,3.038,778.5,385.48,40335.75,270.71,80614.21,705.99,131,0.1208,200
200,1,240,8,spt,6.506,778.5,317.72,34015.04,228.29,81967.93,761.82,115,0.2282,200
200,1,240,8,edf,3.461,778.5,398.12,33927.72,227.7,82959.77,767.93,149,0,200
200,1,240,8,wsjf,10.13,778.5,320.15,26868.5,180.33,62406.41,748.43,112,0.2483,200
200,1,240,8,eisenhower,3.007,778.5,392.05,36069,242.07,80251.88,759.43,124,0.1678,200
200,3,240,8,fifo,4.448,263.5,130.94,8353.07,56.06,19394.54,272.98,88,0.4094,200
200,3,240,8,priority,3.758,262.5,129.4,7897.02,53,15414.36,284.49,81,0.4564,200
200,3,240,8,spt,4.027,263.5,108.06,6937.68,46.56,16820.56,302.82,76,0.4899,200
200,3,240,8,edf,3.238,260,133.66,5621.21,37.73,13661.85,289.43,63,0.5772,200
200,3,240,8,wsjf,9.958,262.5,105.59,4960.09,33.29,11880.54,275.93,58,0.6107,200
200,3,240,8,eisenhower,3.499,260.5,131.76,6178.7,41.47,14312.2,288.43,77,0.4832,200
200,1,240,9,fifo,5.701,773,397.86,45164.1,318.06,109271.06,800.18,122,0.1408,200
200,1,240,9,priority,3.224,773,391.24,41206.52,290.19,87206.42,820.66,115,0.1901,200
200,1,240,9,spt,4.662,773,327.67,36734.95,258.7,89590.36,797.66,110,0.2254,200
200,1,240,9,edf,3.507,773,393.71,31815.77,224.05,78651.81,820.66,141,0.007,200
200,1,240,9,wsjf,10.163,773,330.83,27657.83,194.77,66175.71,791.16,101,0.2887,200
200,1,240,9,eisenhower,3.486,773,393.7,39061.68,275.08,87126.24,820.66,114,0.1972,200
200,3,240,9,fifo,6.089,258.5,133.49,10338.33,72.81,25278.7,292.17,85,0.4014,200
200,3,240,9,priority,3.178,258,131.27,9320.3,65.64,20814.34,321.16,80,0.4366,200
200,3,240,9,spt,3.901,260,111.44,8987.39,63.29,22136.36,317.66,76,0.4648,200
200,3,240,9,edf,3.984,258.5,132.25,7502.7,52.84,18865.97,321.66,63,0.5563,200
200,3,240,9,wsjf,10.618,259,111.09,6362.31,44.81,15241.21,312.66,68,0.5211,200
200,3,240,9,eisenhower,3.542,258.5,132.32,8181.72,57.62,19645.51,320.66,85,0.4014,200
200,1,240,10,fifo,4.373,706,354.83,35786.1,279.58,86701.92,768.41,109,0.1484,200
200,1,240,10,priority,4.726,706,355.84,35209.42,275.07,75778.87,749.91,114,0.1094,200
200,1,240,10,spt,4.281,706,281.87,26664.51,208.32,58090.92,683.91,99,0.2266,200
200,1,240,10,edf,2.661,706,361.76,29861.42,233.29,71430.57,763.41,100,0.2188,200
200,1,240,10,wsjf,10.378,706,298.27,20804.45,162.53,43480.17,658.91,94,0.2656,200
200,1,240,10,eisenhower,2.609,706,361.14,32962.16,257.52,75831.08,763.41,113,0.1172,200
200,3,240,10,fifo,3.996,236.5,119.61,7999.99,62.5,19686.94,297.41,76,0.4063,200
200,3,240,10,priority,3.167,242.5,120.05,7411.11,57.9,16355.9,294.91,81,0.3672,200
200,3,240,10,spt,4.007,237.5,95.88,6028.16,47.09,13471.8,279.41,65,0.4922,200
200,3,240,10,edf,2.547,241,121.5,6944.46,54.25,16600.2,295.41,69,0.4609,200
200,3,240,10,wsjf,10.227,236,98.74,4359.19,34.06,9423.06,268.41,53,0.5859,200
200,3,240,10,eisenhower,3.105,241,121.39,7093.02,55.41,16701.3,295.41,73,0.4297,200
200,1,480,1,fifo,5.751,730,362.19,25986.01,203.02,61315.68,743.83,88,0.3125,200
200,1,480,1,priority,2.836,730,366.57,24453.49,191.04,50049.49,718.01,87,0.3203,200
200,1,480,1,spt,5.016,730,284.75,19476.33,152.16,45283.09,710.1,75,0.4141,200
200,1,480,1,edf,3.474,730,362.97,17443.03,136.27,40960.47,681.01,65,0.4922,200
200,1,480,1,wsjf,11.075,730,302.86,12085.3,94.42,27080.99,635.94,63,0.5078,200
200,1,480,1,eisenhower,3.552,730,365.01,20165.39,157.54,45698.38,693.01,83,0.3516,200
200,3,480,1,fifo,5.56,247,121.42,5170.16,40.39,11437.17,271.62,45,0.6484,200
200,3,480,1,priority,2.808,245.5,122.97,4747.55,37.09,9406.71,281.01,41,0.6797,200
200,3,480,1,spt,4.929,253,96.76,4051.78,31.65,9113.87,254.1,39,0.6953,200
200,3,480,1,edf,3.436,246.5,121.81,3754.61,29.33,8391.05,272.01,40,0.6875,200
200,3,480,1,wsjf,11.798,248,101.09,2141.54,16.73,4379.05,195.45,32,0.75,200
200,3,480,1,eisenhower,3.555,246.5,122.55,4122.91,32.21,8928.79,273.51,41,0.6797,200
200,1,480,2,fifo,5.674,717,349.79,27939.99,206.96,67532.87,760.21,94,0.3037,200
200,1,480,2,priority,4.037,717,340.08,24013.82,177.88,52105.11,725.9,94,0.3037,200
200,1,480,2,spt,4.719,717,263.13,18794.77,139.22,46280.29,785.9,76,0.437,200
200,1,480,2,edf,3.484,717,336.44,16637.54,123.24,39666.7,725.9,73,0.4593,200
200,1,480,2,wsjf,12.044,717,282.25,13330.5,98.74,31277.77,584.9,64,0.5259,200
200,1,480,2,eisenhower,3.112,717,338.97,20577.33,152.42,47708.59,725.9,90,0.3333,200
200,3,480,2,fifo,5.373,240.5,117.13,6002.75,44.46,13863.41,287.21,47,0.6519,200
200,3,480,2,priority,2.781,244.5,113.95,5169.08,38.29,10752.47,299.4,45,0.6667,200
200,3,480,2,spt,5.108,243.5,89.24,4563.93,33.81,10427.6,312.4,45,0.6667,200
200,3,480,2,edf,3.343,242.5,112.84,3874.8,28.7,8511.16,298.9,40,0.7037,200
200,3,480,2,wsjf,11.093,242,94.44,3034.94,22.48,6803.98,220.9,35,0.7407,200
200,3,480,2,eisenhower,3.487,245,113.7,4474.33,33.14,9714.7,298.4,49,0.637,200
200,1,480,3,fifo,5.049,732,373.38,24890.65,191.47,63901.63,706.13,90,0.3077,200
200,1,480,3,priority,2.665,732,361.2,21809.9,167.77,51277.55,776.63,86,0.3385,200
200,1,480,3,spt,4.751,732,281.32,18009.23,138.53,46910.06,671.22,73,0.4385,200
200,1,480,3,edf,2.951,732,363.75,17749.01,136.53,46845.88,776.63,67,0.4846,200
200,1,480,3,wsjf,10.256,732,294.27,13287.86,102.21,34268.41,640.02,64,0.5077,200
200,1,480,3,eisenhower,3.517,732,360.92,18942.43,145.71,48447.01,776.63,85,0.3462,200
200,3,480,3,fifo,4.936,248.5,124.56,4200.83,32.31,11080.14,254.39,38,0.7077,200
200,3,480,3,priority,2.657,246.5,120.85,3619.62,27.84,9228.73,299.63,36,0.7231,200
200,3,480,3,spt,4.182,247,95.73,3232.93,24.87,8590.47,228.72,35,0.7308,200
200,3,480,3,edf,3.506,247.5,122.3,3236.26,24.89,9011.61,300.63,30,0.7692,200
200,3,480,3,wsjf,11.318,249,98.43,2178.61,16.76,5712.36,200.65,31,0.7615,200
200,3,480,3,eisenhower,2.941,247.5,121.02,3393.69,26.11,9078.46,300.63,33,0.7462,200
200,1,480,4,fifo,5.22,754,377.48,28464.04,206.26,65480.41,758.16,95,0.3116,200
200,1,480,4,priority,3.319,754,393.04,28568.09,207.02,59003.82,693.85,96,0.3043,200
200,1,480,4,spt,3.742,754,307.82,22402.4,162.34,51275.49,756.09,78,0.4348,200
200,1,480,4,edf,3.292,754,385.82,20405.3,147.86,45905.29,748.04,75,0.4565,200
200,1,480,4,wsjf,10.55,754,310.58,15719.46,113.91,34413.39,635.09,67,0.5145,200
200,1,480,4,eisenhower,3.61,754,390.36,24785.04,179.6,54423.37,748.04,96,0.3043,200
200,3,480,4,fifo,5.156,253.5,126.04,5904.12,42.78,13513.23,282.66,45,0.6739,200
200,3,480,4,priority,2.766,256.5,131.7,5516.4,39.97,11776.21,239.84,46,0.6667,200
200,3,480,4,spt,4.413,256,105,5116.19,37.07,11646.86,291.09,43,0.6884,200
200,3,480,4,edf,3.221,256,129.68,4136.06,29.97,9474.33,275.54,44,0.6812,200
200,3,480,4,wsjf,9.267,254,105.36,3535.47,25.62,8034.38,203.09,38,0.7246,200
200,3,480,4,eisenhower,2.975,256,131.18,5056.8,36.64,11466.75,276.04,45,0.6739,200
200,1,480,5,fifo,5.262,747.5,362.09,35318.73,238.64,78932.47,813.74,113,0.2365,200
200,1,480,5,priority,2.78,747.5,370.06,33993.5,229.69,67620.12,781.24,118,0.2027,200
200,1,480,5,spt,4.391,747.5,301.23,26628.46,179.92,60995.59,782.66,98,0.3378,200
200,1,480,5,edf,4.704,747.5,366.94,21201.19,143.25,46767.65,773.24,111,0.25,200
200,1,480,5,wsjf,11.452,747.5,301.44,19265.8,130.17,43848.04,647.16,88,0.4054,200
200,1,480,5,eisenhower,3.12,747.5,367.38,30141.88,203.66,63708.14,773.24,123,0.1689,200
200,3,480,5,fifo,5.223,254,121.89,8103.58,54.75,18070,319.74,63,0.5743,200
200,3,480,5,priority,2.826,255,124.24,6890.59,46.56,14412.61,304.24,68,0.5405,200
200,3,480,5,spt,4.509,252,102.28,6446.7,43.56,15081.78,300.24,57,0.6149,200
200,3,480,5,edf,6.391,255,123.34,5033.48,34.01,11207.17,306.74,48,0.6757,200
200,3,480,5,wsjf,11.682,250.5,103.02,4236.75,28.63,10046.6,223.24,52,0.6486,200
200,3,480,5,eisenhower,3.219,255,123.46,6214.86,41.99,13607.78,306.74,68,0.5405,200
200,1,480,6,fifo,4.661,741,378.62,33536.66,225.08,81277,779.7,107,0.2819,200
200,1,480,6,priority,3.679,741,375,28899.8,193.96,67535.09,773.34,107,0.2819,200
200,1,480,6,spt,3.86,741,308.67,26924.85,180.7,69448.31,747.53,98,0.3423,200
200,1,480,6,edf,3.107,741,389.66,24138.29,162,61447.22,770.34,92,0.3826,200
200,1,480,6,wsjf,9.304,741,321.36,21363.7,143.38,52844.13,700.55,87,0.4161,200
200,1,480,6,eisenhower,3.679,741,372.02,26850.36,180.2,65901.11,773.34,116,0.2215,200
200,3,480,6,fifo,4.555,252,127.02,7073.35,47.47,17477.22,300.3,57,0.6174,200
200,3,480,6,priority,2.644,251,126.04,6247.18,41.93,15509.08,293.7,53,0.6443,200
200,3,480,6,spt,3.865,251,105.15,5837.25,39.18,15438.83,274.8,52,0.651,200
200,3,480,6,edf,3.948,252,130.65,5476.23,36.75,14010.62,294.7,54,0.6376,200
200,3,480,6,wsjf,9.261,250.5,106.43,4427.59,29.72,11564.04,255.45,44,0.7047,200
200,3,480,6,eisenhower,2.917,251.5,124.99,5466.3,36.69,14185.63,295.7,50,0.6644,200
200,1,480,7,fifo,4.825,714,365.85,32251.15,248.09,83092.59,778.82,98,0.2462,200
200,1,480,7,priority,3.291,714,357.31,25585.55,196.81,56797.57,722.47,102,0.2154,200
200,1,480,7,spt,3.145,714,318.63,26259.12,201.99,64871.85,761.29,91,0.3,200
200,1,480,7,edf,2.897,714,361.82,19999.88,153.85,49996.74,722.47,82,0.3692,200
200,1,480,7,wsjf,8.425,714,318.6,18130.36,139.46,43368.7,627.97,84,0.3538,200
200,1,480,7,eisenhower,2.638,714,364.21,24781.38,190.63,58968.52,722.47,106,0.1846,200
200,3,480,7,fifo,5.136,239.5,123.06,6929.17,53.3,18226.05,288.34,59,0.5462,200
200,3,480,7,priority,2.502,241.5,119.97,5111.14,39.32,11923.41,272.97,52,0.6,200
200,3,480,7,spt,3.015,243,108.71,6014.95,46.27,15319.3,278.95,49,0.6231,200
200,3,480,7,edf,2.784,241.5,121.63,4284.1,32.95,10703.67,272.97,46,0.6462,200
200,3,480,7,wsjf,9.599,238.5,107.95,4033.78,31.03,10164.91,220.47,44,0.6615,200
200,3,480,7,eisenhower,2.658,241.5,122.33,4969.29,38.23,12138.77,272.97,51,0.6077,200
200,1,480,8,fifo,4.267,778.5,388.69,31247.36,209.71,72022.42,756.48,106,0.2886,200
200,1,480,8,priority,3.23,778.5,385.48,29227.76,196.16,56225.67,705.99,102,0.3154,200
200,1,480,8,spt,4.951,778.5,317.72,25308.76,169.86,60665.14,761.82,93,0.3758,200
200,1,480,8,edf,4.546,778.5,398.12,20315.02,136.34,48988.02,767.93,87,0.4161,200
200,1,480,8,wsjf,10.08,778.5,319.13,17899.07,120.13,41986.91,748.43,82,0.4497,200
200,1,480,8,eisenhower,3.54,778.5,392.05,24482.87,164.31,55021.66,759.43,112,0.2483,200
200,3,480,8,fifo,4.723,263.5,130.94,4964.07,33.32,11636.22,272.98,50,0.6644,200
200,3,480,8,priority,2.976,262.5,129.4,4645.19,31.18,9502.54,284.49,51,0.6577,200
200,3,480,8,spt,4.76,263.5,108.06,4201.29,28.2,10273.43,302.82,42,0.7181,200
200,3,480,8,edf,3.674,260,133.66,3594.09,24.12,8892.79,289.43,42,0.7181,200
200,3,480,8,wsjf,10.129,262.5,105.85,3020.92,20.27,7440.26,267.43,32,0.7852,200
200,3,480,8,eisenhower,4.574,260.5,131.76,3829.57,25.7,9129.65,288.43,45,0.698,200
200,1,480,9,fifo,13.022,773,397.86,35182.23,247.76,85521.71,800.18,105,0.2606,200
200,1,480,9,priority,3.558,773,391.24,31677.81,223.08,68381.02,820.66,100,0.2958,200
200,1,480,9,spt,6.91,773,327.67,29392.92,206.99,72100.08,797.66,91,0.3592,200
200,1,480,9,edf,4.563,773,393.71,23964.1,168.76,60186.41,820.66,75,0.4718,200
200,1,480,9,wsjf,11.265,773,332.89,20356.87,143.36,48908.47,791.16,80,0.4366,200
200,1,480,9,eisenhower,3.875,773,393.7,29255.67,206.03,67666.77,820.66,110,0.2254,200
200,3,480,9,fifo,6.103,258.5,133.49,7569.37,53.31,18963.74,292.17,62,0.5634,200
200,3,480,9,priority,5.409,258,131.27,7079.24,49.85,16445.53,321.16,56,0.6056,200
200,3,480,9,spt,6.718,260,111.44,6858.69,48.3,16858.03,317.66,55,0.6127,200
200,3,480,9,edf,5.49,258.5,132.25,6151.29,43.32,15498.81,321.66,47,0.669,200
200,3,480,9,wsjf,20.418,260,111.67,4349.05,30.63,10648.93,303.66,46,0.6761,200
200,3,480,9,eisenhower,5.549,258.5,132.32,6395.85,45.04,15674.29,320.66,53,0.6268,200
200,1,480,10,fifo,6.458,706,354.83,28230.54,220.55,68823.35,768.41,97,0.2422,200
200,1,480,10,priority,3.696,706,355.84,26634.9,208.09,56888.96,749.91,100,0.2188,200
200,1,480,10,spt,5.908,706,281.87,20002.27,156.27,43245.18,683.91,84,0.3438,200
200,1,480,10,edf,3.39,706,361.76,23529.11,183.82,56022.47,763.41,83,0.3516,200
200,1,480,10,wsjf,11.856,706,296.75,13957.87,109.05,28469.46,658.91,74,0.4219,200
200,1,480,10,eisenhower,2.733,706,361.14,24500.63,191.41,57031.78,763.41,94,0.2656,200
200,3,480,10,fifo,3.994,236.5,119.61,5848.7,45.69,14790.91,297.41,49,0.6172,200
200,3,480,10,priority,3.686,242.5,120.05,5061.83,39.55,11691.74,294.91,47,0.6328,200
200,3,480,10,spt,3.976,237.5,95.88,4577.42,35.76,10572.01,279.41,41,0.6797,200
200,3,480,10,edf,2.943,241,121.5,4828.68,37.72,11774.49,295.41,46,0.6406,200
200,3,480,10,wsjf,11.728,237,97.31,3020.32,23.6,6893.26,228.41,36,0.7188,200
200,3,480,10,eisenhower,5.228,241,121.39,4989.17,38.98,11998.47,295.41,47,0.6328,200
1000,1,120,1,fifo,159.372,3694.5,1837.07,1249049.42,1802.38,2971029.04,3727.5,682,0.0159,1000
1000,1,120,1,priority,89.432,3694.5,1836.43,1173443.5,1693.28,2552240.77,3672.1,693,0,1000
1000,1,120,1,spt,126.867,3694.5,1464.6,969300.19,1398.7,2304567.9,3685.98,670,0.0332,1000
1000,1,120,1,edf,93.764,3694.5,1823.93,1006549,1452.45,2422635.77,3689.34,693,0,1000
1000,1,120,1,wsjf,248.908,3694.5,1514.68,792227,1143.18,1858945.44,3556.99,663,0.0433,1000
1000,1,120,1,eisenhower,83.027,3694.5,1830.43,1103934,1592.98,2499950.27,3676.84,693,0,1000
1000,3,120,1,fifo,144.563,1234.5,613.18,396231.51,571.76,943573.98,1274,668,0.0361,1000
1000,3,120,1,priority,72.872,1234,612.86,371584.68,536.2,807514.5,1276.1,663,0.0433,1000
1000,3,120,1,spt,120.746,1239.5,490.15,305085.89,440.24,727904.73,1252.52,637,0.0808,1000
1000,3,120,1,edf,93.44,1235,608.72,314973.5,454.51,759489.27,1277.6,693,0,1000
1000,3,120,1,wsjf,254.11,1234.5,506.32,246625.62,355.88,580132.4,1214.99,615,0.1126,1000
1000,3,120,1,eisenhower,83.363,1235.5,610.87,347460,501.39,785810.27,1278.1,693,0,1000
1000,1,120,2,fifo,132.975,3581,1794.33,1245237.53,1773.84,3021044.62,3588.53,690,0.0171,1000
1000,1,120,2,priority,78.202,3581,1764.3,1139607.83,1623.37,2530817.11,3647.75,702,0,1000
1000,1,120,2,spt,128.213,3581,1393.43,920770.17,1311.64,2241951.17,3630.9,673,0.0413,1000
1000,1,120,2,edf,88.88,3581,1756.48,989027.83,1408.87,2445425.61,3640.75,702,0,1000
1000,1,120,2,wsjf,261.049,3581,1469.18,775484.24,1104.68,1856560.34,3432.92,678,0.0342,1000
1000,1,120,2,eisenhower,82.118,3581,1764.04,1090126.33,1552.89,2532246.61,3644.25,702,0,1000
1000,3,120,2,fifo,135.358,1198,598.97,395392.89,563.24,958154.14,1211.21,669,0.047,1000
1000,3,120,2,priority,77.218,1197.5,588.85,360582.25,513.65,798404.29,1266.25,670,0.0456,1000
1000,3,120,2,spt,126.807,1196,466.11,288902.51,411.54,704151.01,1264.9,638,0.0912,1000
1000,3,120,2,edf,88.857,1198.5,586.23,309095.33,440.31,763985.61,1260.25,702,0,1000
1000,3,120,2,wsjf,269.537,1197.5,491.24,241250.32,343.66,576476.24,1136.23,626,0.1083,1000
1000,3,120,2,eisenhower,82.96,1196,588.82,342694.33,488.17,793096.61,1261.25,702,0,1000
1000,1,120,3,fifo,144.324,3694.5,1852.84,1250016.02,1790.85,3075745.96,3665.7,686,0.0172,1000
1000,1,120,3,priority,88.61,3694.5,1835.41,1154348.67,1653.79,2538999.34,3680.33,698,0,1000
1000,1,120,3,spt,122.855,3694.5,1469.92,998069.96,1429.9,2402662.48,3720.91,674,0.0344,1000
1000,1,120,3,edf,94.508,3694.5,1860.88,1017194.17,1457.3,2525901.84,3680.33,698,0,1000
1000,1,120,3,wsjf,262.561,3694.5,1523.39,809958.71,1160.4,1910146.52,3605.29,662,0.0516,1000
1000,1,120,3,eisenhower,97.15,3694.5,1836.47,1079227.17,1546.17,2506124.84,3680.33,698,0,1000
1000,3,120,3,fifo,150.75,1235.5,618.38,396283.81,567.74,974081.86,1245.25,666,0.0458,1000
1000,3,120,3,priority,87.746,1238.5,612.39,364282.62,521.89,797658.65,1259.63,660,0.0544,1000
1000,3,120,3,spt,119.605,1234,491.79,313957.06,449.8,755619.94,1263.74,638,0.086,1000
1000,3,120,3,edf,99.728,1236,621.18,317884.67,455.42,789336.84,1259.13,698,0,1000
1000,3,120,3,wsjf,274.482,1235.5,509.24,252228.61,361.36,593010.33,1254.79,618,0.1146,1000
1000,3,120,3,eisenhower,107.236,1238.5,613.06,338317.17,484.7,782502.84,1259.63,698,0,1000
1000,1,120,4,fifo,137.172,3643,1835.52,1280153.79,1770.61,3081027.74,3663.62,713,0.0138,1000
1000,1,120,4,priority,86.531,3643,1849.01,1238888.13,1713.54,2702563.92,3629.11,723,0,1000
1000,1,120,4,spt,115.569,3643,1476.68,1039809.29,1438.19,2488033.45,3660.99,703,0.0277,1000
1000,1,120,4,edf,93.87,3643,1842.95,1080138.63,1493.97,2598996.42,3625.61,723,0,1000
1000,1,120,4,wsjf,328.67,3643,1503.72,853755.41,1180.85,1994744.47,3625.29,692,0.0429,1000
1000,1,120,4,eisenhower,90.07,3643,1838.89,1160897.63,1605.67,2650233.42,3629.11,723,0,1000
1000,3,120,4,fifo,157.475,1219,612.65,405794.2,561.26,977274.43,1254.12,689,0.047,1000
1000,3,120,4,priority,93.288,1218,617.02,391661.13,541.72,852049.91,1235.79,689,0.047,1000
1000,3,120,4,spt,112.597,1215.5,494.2,327332.11,452.74,784352.21,1252.49,662,0.0844,1000
1000,3,120,4,edf,92.065,1218.5,615.24,338414.63,468.07,814611.42,1225.61,723,0,1000
1000,3,120,4,wsjf,253.877,1217.5,502.82,265971.57,367.87,620834.18,1255.79,643,0.1107,1000
1000,3,120,4,eisenhower,90.884,1218.5,613.98,365062.63,504.93,831355.92,1226.11,723,0,1000
1000,1,120,5,fifo,123.598,3702,1839.01,1262479.85,1800.97,3060099.5,3749.7,686,0.0214,1000
1000,1,120,5,priority,85.126,3702,1819.97,1178203.68,1680.75,2546893,3694.16,701,0,1000
1000,1,120,5,spt,127.153,3702,1474.12,983240.82,1402.63,2345766.79,3753.09,677,0.0342,1000
1000,1,120,5,edf,130.503,3702,1812.84,986214.18,1406.87,2396243,3654.18,701,0,1000
1000,1,120,5,wsjf,287.019,3702,1508.28,793251.85,1131.6,1870146.81,3464.17,676,0.0357,1000
1000,1,120,5,eisenhower,112.018,3702,1824.93,1098305.18,1566.77,2484031.5,3654.37,701,0,1000
1000,3,120,5,fifo,153.575,1238,613.74,403142.92,575.1,977467.86,1285.7,661,0.0571,1000
1000,3,120,5,priority,101.19,1238,607.54,374623.28,534.41,807826.9,1265.23,679,0.0314,1000
1000,3,120,5,spt,149.501,1237.5,493.36,311420.13,444.25,744120.34,1293.09,642,0.0842,1000
1000,3,120,5,edf,118.867,1237,605.1,310059.18,442.31,753849.5,1264.23,701,0,1000
1000,3,120,5,wsjf,281.085,1237.5,504.39,248453.26,354.43,586060.54,1187.7,631,0.0999,1000
1000,3,120,5,eisenhower,93.798,1237.5,609.28,347406.18,495.59,783506,1264.73,701,0,1000
1000,1,120,6,fifo,130.462,3899.5,1987.25,1338318.32,1917.36,3160577.86,3929.51,686,0.0172,1000
1000,1,120,6,priority,87.093,3899.5,1955.21,1240176.56,1776.76,2640717.59,3876.67,698,0,1000
1000,1,120,6,spt,117.408,3899.5,1573.66,1073384.16,1537.8,2534921.92,3855.67,678,0.0287,1000
1000,1,120,6,edf,105.959,3899.5,1965.6,1062819.56,1522.66,2518178.09,3879.67,698,0,1000
1000,1,120,6,wsjf,292.366,3899.5,1629.67,886047.71,1269.41,2036271.79,3806.73,675,0.033,1000
1000,1,120,6,eisenhower,98.853,3899.5,1956.02,1169120.06,1674.96,2598497.59,3879.67,698,0,1000
1000,3,120,6,fifo,135.337,1303,663.21,426534.04,611.08,1006771.98,1360.51,670,0.0401,1000
1000,3,120,6,priority,86.248,1305,652.68,394332.43,564.95,837050.58,1324.44,667,0.0444,1000
1000,3,120,6,spt,115.995,1301,526.7,340422.51,487.71,804625.54,1317.67,648,0.0716,1000
1000,3,120,6,edf,96.879,1305.5,656.08,334547.56,479.29,792004.59,1325.17,698,0,1000
1000,3,120,6,wsjf,256.582,1303,545.07,278293.12,398.7,638975.73,1298.73,635,0.0903,1000
1000,3,120,6,eisenhower,96.688,1304.5,652.81,369487.06,529.35,818075.59,1325.44,698,0,1000
1000,1,120,7,fifo,131.577,3695.5,1850.8,1235028.77,1805.6,3060398.59,3725.82,674,0.0146,1000
1000,1,120,7,priority,83.464,3695.5,1835.41,1147522.5,1677.66,2532499.65,3731.73,684,0,1000
1000,1,120,7,spt,119.159,3695.5,1550.48,1048070.78,1532.27,2504722.37,3757.79,660,0.0351,1000
1000,1,120,7,edf,91.383,3695.5,1851.6,1012153.5,1479.76,2440215.65,3706.23,684,0,1000
1000,1,120,7,wsjf,415.969,3695.5,1563.76,846453.13,1237.5,1998666.56,3438.74,660,0.0351,1000
1000,1,120,7,eisenhower,399.06,3695.5,1853.21,1098051.5,1605.34,2515894.15,3731.73,684,0,1000
1000,3,120,7,fifo,266.964,1232,617.89,394584.24,576.88,977804.89,1295.82,650,0.0497,1000
1000,3,120,7,priority,308.568,1236.5,612.63,364913.15,533.5,802791.23,1286.23,656,0.0409,1000
1000,3,120,7,spt,136.987,1235.5,518.73,333853.93,488.09,798096.95,1297.79,624,0.0877,1000
1000,3,120,7,edf,183.399,1237,618,319664,467.35,770339.65,1277.73,684,0,1000
1000,3,120,7,wsjf,486.864,1235.5,522.74,267037.94,390.41,629977.35,1145.74,616,0.0994,1000
1000,3,120,7,eisenhower,123.106,1236.5,618.54,348066,508.87,795295.65,1286.73,684,0,1000
1000,1,120,8,fifo,172.018,3748,1857.8,1314970.87,1826.35,3205332.19,3769.78,714,0.0083,1000
1000,1,120,8,priority,106.192,3748,1889.54,1254984.18,1743.03,2734544.47,3714.93,720,0,1000
1000,1,120,8,spt,139.789,3748,1557.81,1090075.14,1513.99,2660389.73,3716.01,701,0.0264,1000
1000,1,120,8,edf,174.416,3748,1910.18,1102908.68,1531.82,2714481.97,3714.93,720,0,1000
1000,1,120,8,wsjf,462.056,3748,1594.36,900588.63,1250.82,2146468.17,3547.62,699,0.0292,1000
1000,1,120,8,eisenhower,196.35,3748,1907.7,1185424.18,1646.42,2758332.97,3714.93,720,0,1000
1000,3,120,8,fifo,205.857,1251.5,620.25,418153.63,580.77,1020525.06,1281.93,687,0.0458,1000
1000,3,120,8,priority,150.279,1250.5,630.73,398212.08,553.07,865909.08,1265.27,688,0.0444,1000
1000,3,120,8,spt,208.552,1253,521.31,344926.39,479.06,843696.66,1255.46,667,0.0736,1000
1000,3,120,8,edf,191.397,1250.5,637.66,347128.68,482.12,855933.47,1264.77,720,0,1000
1000,3,120,8,wsjf,582.86,1252,533.2,282451.08,392.29,673818.71,1182.62,656,0.0889,1000
1000,3,120,8,eisenhower,142.36,1250.5,636.87,374536.18,520.19,870622.97,1264.77,720,0,1000
1000,1,120,9,fifo,254.594,3750,1910.6,1333813.97,1865.47,3275958.11,3812.76,706,0.0126,1000
1000,1,120,9,priority,237.229,3750,1899.74,1253138.45,1752.64,2776903.51,3691.45,715,0,1000
1000,1,120,9,spt,292.917,3750,1561.1,1113063.51,1556.73,2733663.85,3797.56,693,0.0308,1000
1000,1,120,9,edf,171.86,3750,1900.02,1087689.45,1521.24,2682223.01,3689.45,715,0,1000
1000,1,120,9,wsjf,352.683,3750,1596.76,908449.01,1270.56,2200607.2,3551.99,690,0.035,1000
1000,1,120,9,eisenhower,213.629,3750,1902.47,1189489.45,1663.62,2714339.01,3691.45,715,0,1000
1000,3,120,9,fifo,406.77,1252.5,637.68,424470.11,593.66,1041151.35,1307.26,683,0.0448,1000
1000,3,120,9,priority,138.087,1253,634.24,398297.28,557.06,878995.81,1262.89,667,0.0671,1000
1000,3,120,9,spt,169.454,1251.5,522.67,352998.37,493.7,866776.28,1295.81,655,0.0839,1000
1000,3,120,9,edf,137.437,1254,634.28,342045.95,478.39,842283.01,1266.89,715,0,1000
1000,3,120,9,wsjf,351.235,1253.5,533.9,285065.44,398.69,689526.15,1210.49,641,0.1035,1000
1000,3,120,9,eisenhower,138.133,1253,635.09,375716.95,525.48,852572.51,1262.89,715,0,1000
1000,1,120,10,fifo,163.834,3684.5,1823.57,1233066.97,1821.37,3001944.63,3745.13,668,0.0133,1000
1000,1,120,10,priority,120.569,3684.5,1863.9,1182122.96,1746.12,2604593.93,3744.92,677,0,1000
1000,1,120,10,spt,146.505,3684.5,1488.67,983272.84,1452.4,2354444.58,3701.44,657,0.0295,1000
1000,1,120,10,edf,94.788,3684.5,1850.61,1035321.46,1529.28,2527016.93,3741.42,677,0,1000
1000,1,120,10,wsjf,300.232,3684.5,1568.62,823843.32,1216.9,1948555.56,3526.94,653,0.0355,1000
1000,1,120,10,eisenhower,99.205,3684.5,1853.13,1113873.96,1645.31,2571383.93,3741.42,677,0,1000
1000,3,120,10,fifo,138.501,1230,608.59,393037.59,580.56,956896.39,1296.13,654,0.034,1000
1000,3,120,10,priority,92.925,1232,622.08,376095.72,555.53,827811.44,1302.92,653,0.0355,1000
1000,3,120,10,spt,146.693,1232.5,498.2,311464.85,460.07,746235.32,1259.94,633,0.065,1000
1000,3,120,10,edf,122.809,1231.5,617.72,327172.96,483.27,798932.93,1300.92,677,0,1000
1000,3,120,10,wsjf,276.55,1231.5,524.36,259264.12,382.96,612711.66,1204.44,614,0.0931,1000
1000,3,120,10,eisenhower,114.922,1232.5,618.6,352852.96,521.2,812951.43,1299.92,677,0,1000
1000,1,240,1,fifo,386.556,3694.5,1837.07,1215222.61,1753.57,2891992.88,3727.5,676,0.0245,1000
1000,1,240,1,priority,95.193,3694.5,1836.43,1139898,1644.87,2475908.15,3672.1,667,0.0375,1000
1000,1,240,1,spt,135.005,3694.5,1464.6,937024.88,1352.13,2231074.54,3678.47,653,0.0577,1000
1000,1,240,1,edf,101.096,3694.5,1823.93,971587.24,1402,2340638.12,3689.34,693,0,1000
1000,1,240,1,wsjf,752.713,3694.5,1514.81,759336.37,1095.72,1783581.81,3556.99,642,0.0736,1000
1000,1,240,1,eisenhower,160.08,3694.5,1830.43,1068972.24,1542.53,2417952.62,3676.84,693,0,1000
1000,3,240,1,fifo,152.417,1234.5,613.18,364428.56,525.87,869108.57,1274,639,0.0779,1000
1000,3,240,1,priority,100.406,1234,612.86,339696.79,490.18,736863.25,1276.1,623,0.101,1000
1000,3,240,1,spt,206.064,1239.5,490.15,276916.9,399.59,663923.97,1252.52,575,0.1703,1000
1000,3,240,1,edf,97.169,1235,608.72,280011.74,404.06,677491.62,1277.6,693,0,1000
1000,3,240,1,wsjf,327.559,1234.5,506.48,218193.37,314.85,515198.82,1214.99,548,0.2092,1000
1000,3,240,1,eisenhower,452.717,1235.5,610.87,316352.43,456.5,716714.91,1278.1,607,0.1241,1000
1000,1,240,2,fifo,311.586,3581,1794.33,1210966.84,1725.02,2936413.39,3588.53,675,0.0385,1000
1000,1,240,2,priority,168.62,3581,1764.3,1105679.02,1575.04,2450135.12,3647.75,671,0.0442,1000
1000,1,240,2,spt,301.227,3581,1393.43,887625.19,1264.42,2162245.68,3630.9,658,0.0627,1000
1000,1,240,2,edf,221.808,3581,1756.48,953156.17,1357.77,2356972.23,3640.75,702,0,1000
1000,1,240,2,wsjf,480.425,3581,1469.27,741911.95,1056.85,1774254.56,3375.35,655,0.067,1000
1000,1,240,2,eisenhower,105.757,3581,1764.04,1054254.67,1501.79,2443793.23,3644.25,702,0,1000
1000,3,240,2,fifo,222.405,1198,598.97,363552.19,517.88,879057.52,1211.21,639,0.0897,1000
1000,3,240,2,priority,273.256,1197.5,588.85,327829.14,466.99,721818.44,1266.25,636,0.094,1000
1000,3,240,2,spt,240.804,1196,466.11,261313.6,372.24,637302.04,1264.9,571,0.1866,1000
1000,3,240,2,edf,119.209,1198.5,586.23,273223.67,389.21,675532.23,1260.25,702,0,1000
1000,3,240,2,wsjf,511.822,1197.5,491.45,212785.46,303.11,508298.06,1136.23,547,0.2208,1000
1000,3,240,2,eisenhower,122.824,1196,588.82,311168.34,443.26,719222.05,1261.25,611,0.1296,1000
1000,1,240,3,fifo,215.288,3694.5,1852.84,1215262.7,1741.06,2988904.3,3656.34,676,0.0315,1000
1000,1,240,3,priority,120.915,3694.5,1835.41,1119935.23,1604.49,2456379.33,3667.16,661,0.053,1000
1000,1,240,3,spt,195.861,3694.5,1469.92,964526.91,1381.84,2321355.54,3720.91,656,0.0602,1000
1000,1,240,3,edf,122.753,3694.5,1860.88,981045.04,1405.51,2436339.05,3667.16,698,0,1000
1000,1,240,3,wsjf,329.398,3694.5,1523.46,776374.76,1112.28,1827993.12,3605.29,637,0.0874,1000
1000,1,240,3,eisenhower,104.891,3694.5,1836.47,1043078.04,1494.38,2416562.05,3667.16,698,0,1000
1000,3,240,3,fifo,206.663,1235.5,618.38,364225.39,521.81,894364.47,1245.25,641,0.0817,1000
1000,3,240,3,priority,105.688,1238.5,612.39,331439.36,474.84,720603.03,1259.63,619,0.1132,1000
1000,3,240,3,spt,154.451,1234,491.79,284995.63,408.3,684703.55,1263.74,591,0.1533,1000
1000,3,240,3,edf,113.866,1236,621.18,281735.54,403.63,699774.05,1259.13,698,0,1000
1000,3,240,3,wsjf,358.639,1235.5,509.22,223523.89,320.23,523566.77,1254.79,565,0.1905,1000
1000,3,240,3,eisenhower,132.18,1238.5,613.06,306855.32,439.62,708471.52,1259.63,590,0.1547,1000
1000,1,240,4,fifo,184.24,3643,1835.52,1244001,1720.61,2994148.72,3663.62,699,0.0332,1000
1000,1,240,4,priority,144.29,3643,1849.01,1202273.29,1662.9,2616140.17,3629.11,689,0.047,1000
1000,1,240,4,spt,187.843,3643,1476.68,1004471.01,1389.31,2404175.49,3660.99,689,0.047,1000
1000,1,240,4,edf,137.805,3643,1842.95,1042491.3,1441.9,2508442.7,3625.61,723,0,1000
1000,1,240,4,wsjf,306.567,3643,1503.81,818113.21,1131.55,1909514.33,3625.29,678,0.0622,1000
1000,1,240,4,eisenhower,96.928,3643,1838.89,1123250.3,1553.6,2559679.7,3629.11,723,0,1000
1000,3,240,4,fifo,145.268,1219,612.65,371918.78,514.41,895639.44,1254.12,665,0.0802,1000
1000,3,240,4,priority,87.184,1218,617.02,357542.67,494.53,774380.27,1235.79,649,0.1024,1000
1000,3,240,4,spt,122.737,1215.5,494.2,297129.61,410.97,712004.06,1252.49,593,0.1798,1000
1000,3,240,4,edf,104.817,1218.5,615.24,300767.3,416,724057.7,1225.61,723,0,1000
1000,3,240,4,wsjf,310.22,1217.5,503.09,235699.9,326,548741.76,1255.79,570,0.2116,1000
1000,3,240,4,eisenhower,101.729,1218.5,613.98,331499.56,458.51,754443.68,1226.11,622,0.1397,1000
1000,1,240,5,fifo,128.108,3702,1839.01,1230810.97,1755.79,2983603.54,3749.7,670,0.0442,1000
1000,1,240,5,priority,102.916,3702,1819.97,1145820.62,1634.55,2470569.3,3694.16,682,0.0271,1000
1000,1,240,5,spt,125.435,3702,1474.12,952121.58,1358.23,2272177.8,3753.09,658,0.0613,1000
1000,1,240,5,edf,100.455,3702,1812.84,952680.32,1359.03,2315316.12,3654.18,701,0,1000
1000,1,240,5,wsjf,271.034,3702,1508.36,761534.67,1086.35,1794480.8,3439.2,655,0.0656,1000
1000,1,240,5,eisenhower,98.186,3702,1824.93,1064771.32,1518.93,2403104.62,3654.37,701,0,1000
1000,3,240,5,fifo,138.508,1238,613.74,374218.54,533.84,907524.89,1285.7,637,0.0913,1000
1000,3,240,5,priority,93.709,1238,607.54,343488.86,490,735815.2,1265.23,647,0.077,1000
1000,3,240,5,spt,116.325,1237.5,493.36,284285.51,405.54,680243.29,1293.09,588,0.1612,1000
1000,3,240,5,edf,96.148,1237,605.1,276525.32,394.47,672922.62,1264.23,701,0,1000
1000,3,240,5,wsjf,300.718,1237.5,504.59,220526.32,314.59,520473.45,1187.7,568,0.1897,1000
1000,3,240,5,eisenhower,98.662,1237.5,609.28,317477.41,452.89,714323.26,1264.73,611,0.1284,1000
1000,1,240,6,fifo,160.547,3899.5,1987.25,1304630.27,1869.1,3079833.77,3929.51,682,0.0229,1000
1000,1,240,6,priority,138.344,3899.5,1955.21,1206880.13,1729.05,2563369.32,3876.67,669,0.0415,1000
1000,1,240,6,spt,149.44,3899.5,1573.66,1041020.81,1491.43,2459564.49,3855.67,659,0.0559,1000
1000,1,240,6,edf,146.152,3899.5,1965.6,1028134.89,1472.97,2435276.87,3879.67,698,0,1000
1000,1,240,6,wsjf,254.282,3899.5,1629.79,853192.78,1222.34,1958875.76,3806.73,656,0.0602,1000
1000,1,240,6,eisenhower,100.772,3899.5,1956.02,1134435.39,1625.27,2515596.37,3879.67,698,0,1000
1000,3,240,6,fifo,146.337,1303,663.21,394966.69,565.85,931871.39,1360.51,641,0.0817,1000
1000,3,240,6,priority,85.929,1305,652.68,362015.08,518.65,763618.62,1324.44,663,0.0501,1000
1000,3,240,6,spt,116.974,1301,526.7,311517.44,446.3,737413.61,1317.67,599,0.1418,1000
1000,3,240,6,edf,96.67,1305.5,656.08,299862.89,429.6,709103.37,1325.17,698,0,1000
1000,3,240,6,wsjf,268.783,1303,545.31,248990,356.72,571160.38,1298.73,581,0.1676,1000
1000,3,240,6,eisenhower,96.576,1304.5,652.81,335263.76,480.32,736740.34,1325.44,648,0.0716,1000
1000,1,240,7,fifo,131.039,3695.5,1850.8,1204046.69,1760.3,2985085.48,3725.82,660,0.0351,1000
1000,1,240,7,priority,82.769,3695.5,1835.41,1115460.31,1630.79,2455333.52,3731.73,676,0.0117,1000
1000,1,240,7,spt,121.529,3695.5,1550.48,1018272.34,1488.7,2433696.56,3757.79,638,0.0673,1000
1000,1,240,7,edf,148.763,3695.5,1851.6,979764.22,1432.4,2361741.16,3706.23,684,0,1000
1000,1,240,7,wsjf,321.649,3695.5,1563.94,815981.22,1192.95,1925300.28,3436.98,640,0.0643,1000
1000,1,240,7,eisenhower,128.56,3695.5,1853.21,1065662.22,1557.99,2437419.66,3731.73,684,0,1000
1000,3,240,7,fifo,144.609,1232,617.89,365936.86,535,908186.6,1295.82,624,0.0877,1000
1000,3,240,7,priority,96.396,1236.5,612.63,334613.49,489.2,732231.85,1286.23,635,0.0716,1000
1000,3,240,7,spt,171.883,1235.5,518.73,307632.44,449.76,735412.4,1297.79,580,0.152,1000
1000,3,240,7,edf,109.625,1237,618,287274.72,419.99,691865.16,1277.73,684,0,1000
1000,3,240,7,wsjf,283.069,1235.5,523,240487.48,351.59,566947.75,1143.98,562,0.1784,1000
1000,3,240,7,eisenhower,104.276,1236.5,618.54,317276.78,463.85,721988,1286.73,630,0.0789,1000
1000,1,240,8,fifo,144.727,3748,1857.8,1280234.71,1778.1,3121616.08,3769.78,701,0.0264,1000
1000,1,240,8,priority,101.802,3748,1889.54,1219937.18,1694.36,2650919.24,3714.93,693,0.0375,1000
1000,1,240,8,spt,143.403,3748,1557.81,1056518.44,1467.39,2580413.1,3691.52,689,0.0431,1000
1000,1,240,8,edf,97.826,3748,1910.18,1067359.73,1482.44,2628848.94,3714.93,720,0,1000
1000,1,240,8,wsjf,307.704,3748,1594.39,866706.01,1203.76,2065385.88,3537.73,670,0.0694,1000
1000,1,240,8,eisenhower,109.444,3748,1907.7,1149875.23,1597.05,2672699.94,3714.93,720,0,1000
1000,3,240,8,fifo,155.257,1251.5,620.25,385917.11,536,942420.55,1281.93,659,0.0847,1000
1000,3,240,8,priority,94.495,1250.5,630.73,365134.57,507.13,789989.28,1265.27,675,0.0625,1000
1000,3,240,8,spt,117.863,1253,521.31,315393.98,438.05,772085.58,1255.46,622,0.1361,1000
1000,3,240,8,edf,98.912,1250.5,637.66,311579.73,432.75,770300.44,1264.77,720,0,1000
1000,3,240,8,wsjf,265.975,1252,533.42,252990.4,351.38,603322.26,1177.9,588,0.1833,1000
1000,3,240,8,eisenhower,102.64,1250.5,636.87,340229.77,472.54,789244.79,1264.77,672,0.0667,1000
1000,1,240,9,fifo,229.204,3750,1910.6,1298789.41,1816.49,3187701.57,3812.76,696,0.0266,1000
1000,1,240,9,priority,93.181,3750,1899.74,1217515.09,1702.82,2687678.57,3686.89,681,0.0476,1000
1000,1,240,9,spt,119.652,3750,1561.1,1079397.95,1509.65,2650436.95,3797.56,674,0.0573,1000
1000,1,240,9,edf,99.983,3750,1900.02,1051682.06,1470.88,2591461.91,3684.89,715,0,1000
1000,1,240,9,wsjf,292.577,3750,1596.9,874499.75,1223.08,2116194.77,3551.99,669,0.0643,1000
1000,1,240,9,eisenhower,96.73,3750,1902.47,1153482.06,1613.26,2623577.91,3686.89,715,0,1000
1000,3,240,9,fifo,320.53,1252.5,637.68,392323.72,548.7,960446.84,1307.26,653,0.0867,1000
1000,3,240,9,priority,134.869,1253,634.24,366122.62,512.06,803565.68,1262.89,661,0.0755,1000
1000,3,240,9,spt,161.613,1251.5,522.67,323434.73,452.36,793534.73,1295.81,609,0.1483,1000
1000,3,240,9,edf,109.149,1254,634.28,306038.56,428.03,751521.91,1266.89,715,0,1000
1000,3,240,9,wsjf,512.003,1253.5,534.17,255710.79,357.64,617393.08,1210.49,577,0.193,1000
1000,3,240,9,eisenhower,213.901,1253,635.09,342765.71,479.39,772414.36,1262.89,610,0.1469,1000
1000,1,240,10,fifo,208.033,3684.5,1823.57,1201570.49,1774.85,2925927.69,3745.13,662,0.0222,1000
1000,1,240,10,priority,112.189,3684.5,1863.9,1150774.86,1699.82,2531068.37,3744.92,657,0.0295,1000
1000,1,240,10,spt,197.465,3684.5,1488.67,952631.39,1407.14,2281849.95,3701.44,650,0.0399,1000
1000,1,240,10,edf,123.226,3684.5,1850.61,1002725.38,1481.13,2448499.44,3741.42,677,0,1000
1000,1,240,10,wsjf,623.696,3684.5,1568.69,793345.35,1171.85,1875912.38,3526.94,630,0.0694,1000
1000,1,240,10,eisenhower,334.834,3684.5,1853.13,1081277.88,1597.16,2492866.44,3741.42,677,0,1000
1000,3,240,10,fifo,203.625,1230,608.59,363565.09,537.02,885573.63,1296.13,632,0.0665,1000
1000,3,240,10,priority,105.132,1232,622.08,345735.42,510.69,757979.91,1302.92,630,0.0694,1000
1000,3,240,10,spt,145.234,1232.5,498.2,284292.14,419.93,681489.39,1259.94,583,0.1388,1000
1000,3,240,10,edf,103.087,1231.5,617.72,294576.88,435.12,720415.44,1300.92,677,0,1000
1000,3,240,10,wsjf,309.899,1231.5,524.47,232555.78,343.51,549577.92,1204.44,558,0.1758,1000
1000,3,240,10,eisenhower,93.712,1232.5,618.6,322337.53,476.13,741505.33,1299.92,620,0.0842,1000
1000,1,480,1,fifo,173.758,3694.5,1837.07,1149507.93,1658.74,2738496.29,3727.5,657,0.0519,1000
1000,1,480,1,priority,114.916,3694.5,1836.43,1074112.8,1549.95,2328466.08,3672.1,662,0.0447,1000
1000,1,480,1,spt,165.277,3694.5,1464.6,876255.04,1264.44,2093796.7,3663.44,614,0.114,1000
1000,1,480,1,edf,109.277,3694.5,1823.93,901663.74,1301.1,2176642.84,3689.34,693,0,1000
1000,1,480,1,wsjf,302.436,3694.5,1515.6,696397.52,1004.9,1641276.22,3556.99,595,0.1414,1000
1000,1,480,1,eisenhower,110.007,3694.5,1830.43,999423.34,1442.17,2255199.98,3676.84,659,0.0491,1000
1000,3,480,1,fifo,170.45,1234.5,613.18,307626.88,443.91,735551.13,1274,581,0.1616,1000
1000,3,480,1,priority,94.554,1234,612.86,282190.07,407.2,614634.36,1276.1,592,0.1457,1000
1000,3,480,1,spt,123.931,1239.5,490.15,231362.98,333.86,558639.17,1252.52,488,0.2958,1000
1000,3,480,1,edf,94.677,1235,608.72,211884.1,305.75,517622.01,1277.6,589,0.1501,1000
1000,3,480,1,wsjf,268.654,1234.5,507.92,172924.04,249.53,410224.55,1214.99,445,0.3579,1000
1000,3,480,1,eisenhower,87.327,1235.5,610.87,259542.47,374.52,596499.12,1278.1,581,0.1616,1000
1000,1,480,2,fifo,139.463,3581,1794.33,1144816.94,1630.79,2772187.7,3588.53,659,0.0613,1000
1000,1,480,2,priority,81.593,3581,1764.3,1038832.96,1479.82,2292817.43,3647.75,669,0.047,1000
1000,1,480,2,spt,126.896,3581,1393.43,826564.41,1177.44,2016261.72,3630.9,606,0.1368,1000
1000,1,480,2,edf,93.809,3581,1756.48,881412.85,1255.57,2180065.49,3640.75,702,0,1000
1000,1,480,2,wsjf,269.78,3581,1470.22,678138.01,966.01,1620990.47,3363.56,593,0.1553,1000
1000,1,480,2,eisenhower,86.027,3581,1764.04,982563.06,1399.66,2267072.09,3644.25,684,0.0256,1000
1000,3,480,2,fifo,139.373,1198,598.97,306286.36,436.31,737806.37,1211.21,586,0.1652,1000
1000,3,480,2,priority,86.238,1197.5,588.85,270819.78,385.78,594591.43,1266.25,588,0.1624,1000
1000,3,480,2,spt,163.01,1196,466.11,217231.6,309.45,529901.64,1264.9,500,0.2877,1000
1000,3,480,2,edf,105.082,1198.5,586.23,209046.11,297.79,517513.3,1260.25,495,0.2949,1000
1000,3,480,2,wsjf,295.741,1197.5,493.3,167771.9,238.99,400851.13,1136.23,456,0.3504,1000
1000,3,480,2,eisenhower,85.493,1196,588.82,254680.73,362.79,593490.74,1261.25,584,0.1681,1000
1000,1,480,3,fifo,156.79,3694.5,1852.84,1148672.05,1645.66,2822747.75,3643.68,653,0.0645,1000
1000,1,480,3,priority,93.77,3694.5,1835.41,1052716.48,1508.19,2297571.8,3652.63,659,0.0559,1000
1000,1,480,3,spt,125.607,3694.5,1469.92,902343.08,1292.76,2170664.09,3720.91,617,0.116,1000
1000,1,480,3,edf,98.095,3694.5,1860.88,908746.78,1301.93,2257213.48,3652.63,698,0,1000
1000,1,480,3,wsjf,273.414,3694.5,1524.21,713082.39,1021.61,1674194.22,3605.29,593,0.1504,1000
1000,1,480,3,eisenhower,92.738,3694.5,1836.47,970914.15,1390.99,2237865.98,3652.63,685,0.0186,1000
1000,3,480,3,fifo,147.116,1235.5,618.38,305224.23,437.28,748666.28,1245.25,593,0.1504,1000
1000,3,480,3,priority,88.726,1238.5,612.39,275363.5,394.5,595898.46,1259.63,574,0.1777,1000
1000,3,480,3,spt,125.021,1234,491.79,236222.49,338.43,565507.47,1263.74,515,0.2622,1000
1000,3,480,3,edf,104.578,1236,621.18,209618.52,300.31,521092.49,1259.13,665,0.0473,1000
1000,3,480,3,wsjf,352.629,1235.5,511.05,174674.28,250.25,406125.82,1254.79,467,0.3309,1000
1000,3,480,3,eisenhower,98.181,1238.5,613.06,251521.63,360.35,585952.19,1259.63,571,0.1819,1000
1000,1,480,4,fifo,140.336,3643,1835.52,1174192.88,1624.06,2826416.43,3663.62,683,0.0553,1000
1000,1,480,4,priority,85.235,3643,1849.01,1131372.26,1564.83,2452607.29,3629.11,687,0.0498,1000
1000,1,480,4,spt,148.123,3643,1476.68,938738.7,1298.39,2248480.32,3660.99,640,0.1148,1000
1000,1,480,4,edf,123.055,3643,1842.95,967196.63,1337.75,2327335.26,3625.61,723,0,1000
1000,1,480,4,wsjf,265.363,3643,1504.7,750549.3,1038.1,1748828.83,3625.29,621,0.1411,1000
1000,1,480,4,eisenhower,93.109,3643,1838.89,1047955.63,1449.45,2378572.26,3629.11,723,0,1000
1000,3,480,4,fifo,146.74,1219,612.65,311352.31,430.64,749599.38,1254.12,591,0.1826,1000
1000,3,480,4,priority,87.237,1218,617.02,296114.27,409.56,639907.07,1235.79,615,0.1494,1000
1000,3,480,4,spt,117.924,1215.5,494.2,247459.57,342.27,591944.35,1252.49,531,0.2656,1000
1000,3,480,4,edf,104.474,1218.5,615.24,226216.62,312.89,544845.68,1225.61,640,0.1148,1000
1000,3,480,4,wsjf,265.182,1217.5,505.85,186971.05,258.6,432984.44,1255.79,471,0.3485,1000
1000,3,480,4,eisenhower,89.973,1218.5,613.98,270779.08,374.52,622137.88,1226.11,613,0.1521,1000
1000,1,480,5,fifo,124.422,3702,1839.01,1170816.48,1670.21,2839027.77,3749.7,652,0.0699,1000
1000,1,480,5,priority,80.308,3702,1819.97,1082028.26,1543.55,2321816.96,3694.16,675,0.0371,1000
1000,1,480,5,spt,110.434,3702,1474.12,893997.83,1275.32,2135792.05,3753.09,622,0.1127,1000
1000,1,480,5,edf,97.396,3702,1812.84,885612.61,1263.36,2153462.36,3654.18,701,0,1000
1000,1,480,5,wsjf,254.296,3702,1509.24,700308.96,999.01,1649994.95,3439.2,608,0.1327,1000
1000,1,480,5,eisenhower,90.23,3702,1824.93,997703.61,1423.26,2241250.86,3654.37,701,0,1000
1000,3,480,5,fifo,128.937,1238,613.74,321450.93,458.56,780520.05,1285.7,591,0.1569,1000
1000,3,480,5,priority,85.424,1238,607.54,289946.94,413.62,618593.15,1265.23,591,0.1569,1000
1000,3,480,5,spt,121.401,1237.5,493.36,238751.59,340.59,573239.71,1293.09,519,0.2596,1000
1000,3,480,5,edf,105.396,1237,605.1,209457.61,298.8,511068.86,1264.23,701,0,1000
1000,3,480,5,wsjf,385.702,1237.5,505.59,174398.36,248.79,412662.71,1187.7,471,0.3281,1000
1000,3,480,5,eisenhower,103.845,1237.5,609.28,265349.19,378.53,601267.64,1264.73,585,0.1655,1000
1000,1,480,6,fifo,135.699,3899.5,1987.25,1239189.51,1775.34,2924010.37,3929.51,660,0.0544,1000
1000,1,480,6,priority,95.593,3899.5,1955.21,1142040.55,1636.16,2415685.9,3876.67,667,0.0444,1000
1000,1,480,6,spt,139.042,3899.5,1573.66,979850.88,1403.8,2317983.92,3855.67,634,0.0917,1000
1000,1,480,6,edf,152.97,3899.5,1965.6,958765.56,1373.59,2269474.44,3879.67,698,0,1000
1000,1,480,6,wsjf,267.311,3899.5,1631.12,789661.23,1131.32,1811152.22,3806.73,619,0.1132,1000
1000,1,480,6,eisenhower,93.391,3899.5,1956.02,1065066.06,1525.88,2349793.94,3879.67,698,0,1000
1000,3,480,6,fifo,129.061,1303,663.21,337682.19,483.79,795290.56,1360.51,588,0.1576,1000
1000,3,480,6,priority,139.161,1305,652.68,303898.22,435.38,636512.12,1324.44,593,0.1504,1000
1000,3,480,6,spt,130.462,1301,526.7,262163.8,375.59,621732.89,1317.67,527,0.245,1000
1000,3,480,6,edf,96.776,1305.5,656.08,230493.56,330.22,543300.94,1325.17,698,0,1000
1000,3,480,6,wsjf,258.443,1303,547.02,200111.31,286.69,457483.41,1298.73,482,0.3095,1000
1000,3,480,6,eisenhower,96.466,1304.5,652.81,281163.43,402.81,621598,1325.44,576,0.1748,1000
1000,1,480,7,fifo,127.418,3695.5,1850.8,1144618.92,1673.42,2840703.46,3725.82,638,0.0673,1000
1000,1,480,7,priority,76.065,3695.5,1835.41,1053496.26,1540.2,2309642.62,3731.73,654,0.0439,1000
1000,1,480,7,spt,120.971,3695.5,1550.48,962605.53,1407.32,2301576.41,3757.79,605,0.1155,1000
1000,1,480,7,edf,168.764,3695.5,1851.6,914985.65,1337.7,2204792.19,3706.23,684,0,1000
1000,1,480,7,wsjf,306.409,3695.5,1565,757830.13,1107.94,1786977.08,3433.45,588,0.1404,1000
1000,1,480,7,eisenhower,92.88,3695.5,1853.21,1000883.65,1463.28,2280470.69,3731.73,684,0,1000
1000,3,480,7,fifo,136.304,1232,617.89,314421.62,459.68,782313.85,1295.82,583,0.1477,1000
1000,3,480,7,priority,88.75,1236.5,612.63,280780.39,410.5,611668.74,1286.23,588,0.1404,1000
1000,3,480,7,spt,107.662,1235.5,518.73,262512.88,383.79,628033.5,1297.79,517,0.2442,1000
1000,3,480,7,edf,96.109,1237,618,222500.97,325.29,534932.82,1277.73,679,0.0073,1000
1000,3,480,7,wsjf,252.262,1235.5,524.84,194947.23,285.01,458964.19,1142.43,469,0.3143,1000
1000,3,480,7,eisenhower,88.218,1236.5,618.54,264415.47,386.57,604053.36,1286.73,581,0.1506,1000
1000,1,480,8,fifo,136.37,3748,1857.8,1213471.13,1685.38,2960199.08,3769.78,676,0.0611,1000
1000,1,480,8,priority,90.701,3748,1889.54,1153241.02,1601.72,2497260.16,3714.93,687,0.0458,1000
1000,1,480,8,spt,114.927,3748,1557.81,993444.29,1379.78,2429323.59,3685.96,644,0.1056,1000
1000,1,480,8,edf,101.28,3748,1910.18,996261.83,1383.7,2457582.9,3714.93,720,0,1000
1000,1,480,8,wsjf,240.787,3748,1595.21,801661.37,1113.42,1910589.12,3517.96,635,0.1181,1000
1000,1,480,8,eisenhower,97.389,3748,1907.7,1078777.33,1498.3,2501433.9,3714.93,720,0,1000
1000,3,480,8,fifo,130.618,1251.5,620.25,328058.81,455.64,802333.07,1281.93,596,0.1722,1000
1000,3,480,8,priority,86.69,1250.5,630.73,304339.76,422.69,654715.41,1265.27,637,0.1153,1000
1000,3,480,8,spt,113.142,1253,521.31,264620.53,367.53,648953.55,1255.46,541,0.2486,1000
1000,3,480,8,edf,103.123,1250.5,637.66,240481.83,334,599034.4,1264.77,720,0,1000
1000,3,480,8,wsjf,276.109,1252,535.78,203467.7,282.59,484379.1,1177.4,506,0.2972,1000
1000,3,480,8,eisenhower,161.067,1250.5,636.87,281045.76,390.34,658799.91,1264.77,614,0.1472,1000
1000,1,480,9,fifo,242.169,3750,1910.6,1231527.87,1722.42,3019082.35,3812.76,672,0.0601,1000
1000,1,480,9,priority,144.549,3750,1899.74,1152901.8,1612.45,2535762.38,3686.89,663,0.0727,1000
1000,1,480,9,spt,149.501,3750,1561.1,1016289.01,1421.38,2494752.33,3797.56,634,0.1133,1000
1000,1,480,9,edf,106.726,3750,1900.02,979667.27,1370.16,2409939.73,3684.89,715,0,1000
1000,1,480,9,wsjf,360.843,3750,1597.89,809650.35,1132.38,1956236.17,3551.99,616,0.1385,1000
1000,1,480,9,eisenhower,100.073,3750,1902.47,1081467.27,1512.54,2442055.73,3686.89,715,0,1000
1000,3,480,9,fifo,172.936,1252.5,637.68,334697.15,468.11,816705.88,1307.26,604,0.1552,1000
1000,3,480,9,priority,93.287,1253,634.24,310106.18,433.71,678426.81,1262.89,596,0.1664,1000
1000,3,480,9,spt,111.997,1251.5,522.67,273410.93,382.39,668574.15,1295.81,533,0.2545,1000
1000,3,480,9,edf,118.103,1254,634.28,234029.07,327.31,570015.13,1266.89,711,0.0056,1000
1000,3,480,9,wsjf,311.455,1253.5,535.57,206468.83,288.77,497043.48,1210.49,497,0.3049,1000
1000,3,480,9,eisenhower,100.883,1253,635.09,289113.25,404.35,654453.57,1262.89,574,0.1972,1000
1000,1,480,10,fifo,123.66,3684.5,1823.57,1140605.25,1684.79,2778606.17,3745.13,642,0.0517,1000
1000,1,480,10,priority,81.822,3684.5,1863.9,1089395.35,1609.15,2389284.02,3744.92,647,0.0443,1000
1000,1,480,10,spt,161.76,3684.5,1488.67,894676.25,1321.53,2144730.26,3701.44,616,0.0901,1000
1000,1,480,10,edf,94.34,3684.5,1850.61,937533.21,1384.83,2291464.46,3741.42,677,0,1000
1000,1,480,10,wsjf,294.314,3684.5,1569.55,734543.86,1085,1737077.63,3526.94,589,0.13,1000
1000,1,480,10,eisenhower,98.072,3684.5,1853.13,1016085.71,1500.87,2335831.46,3741.42,677,0,1000
1000,3,480,10,fifo,140.4,1230,608.59,309692.12,457.45,755260.24,1296.13,576,0.1492,1000
1000,3,480,10,priority,104.727,1232,622.08,291297.94,430.28,637645.37,1302.92,591,0.127,1000
1000,3,480,10,spt,155.362,1232.5,498.2,239645.67,353.98,575169.68,1259.94,508,0.2496,1000
1000,3,480,10,edf,111.879,1231.5,617.72,232351.38,343.21,570584.39,1300.92,554,0.1817,1000
1000,3,480,10,wsjf,322.04,1231.5,525.37,187857.33,277.48,443861.05,1204.44,474,0.2999,1000
1000,3,480,10,eisenhower,99.341,1232.5,618.6,268887.8,397.18,623974.94,1299.92,571,0.1566,1000
